name,genre,year,score,votes,budget,gross,runtime
Inception,Action,2010,8.8,2100000,160000000,836836967,148
Iron Man 2,Action,2010,7,746000,200000000,623933331,124
Shutter Island,Mystery,2010,8.2,1200000,80000000,294805697,138
Scott Pilgrim vs. the World,Action,2010,7.5,394000,60000000,48917974,112
Grown Ups,Comedy,2010,5.9,233000,80000000,271457301,102
She's Out of My League,Comedy,2010,6.4,130000,20000000,49779728,104
Kick-Ass,Action,2010,7.6,535000,30000000,96188903,117
Black Swan,Drama,2010,8,716000,13000000,329398046,108
The Town,Crime,2010,7.5,363000,37000000,154026136,125
Flipped,Comedy,2010,7.7,85000,14000000,4324817,90
The Social Network,Biography,2010,7.7,645000,40000000,224920375,120
Robin Hood,Action,2010,6.6,257000,200000000,321669741,140
Monsters,Adventure,2010,6.4,89000,500000,5060438,94
Insidious,Horror,2010,6.8,287000,1500000,99557032,103
Tangled,Animation,2010,7.7,417000,260000000,592462816,100
RED,Action,2010,7,295000,58000000,199006387,111
I Spit on Your Grave,Horror,2010,6.3,79000,2000000,1278650,108
The Last Airbender,Action,2010,4,156000,150000000,319713881,103
How to Train Your Dragon,Animation,2010,8.1,685000,165000000,494879471,98
The American,Crime,2010,6.3,94000,20000000,67876281,105
Incendies,Drama,2010,8.3,158000,6800000,7099598,131
Sex and the City 2,Comedy,2010,4.5,76000,100000000,290745055,146
Burlesque,Drama,2010,6.4,81000,55000000,89520336,119
Alice in Wonderland,Adventure,2010,6.4,392000,200000000,1025468216,108
Despicable Me,Animation,2010,7.6,512000,69000000,543113985,95
Love & Other Drugs,Comedy,2010,6.7,186000,30000000,102820008,112
True Grit,Drama,2010,7.6,319000,38000000,252276927,110
The Tourist,Action,2010,6,230000,100000000,278780441,103
The Twilight Saga: Eclipse,Action,2010,5,233000,68000000,698491347,124
Percy Jackson & the Olympians: The Lightning Thief,Adventure,2010,5.9,180000,95000000,226497209,118
Clash of the Titans,Action,2010,5.8,274000,125000000,493214993,106
The Book of Eli,Action,2010,6.9,300000,80000000,157107755,118
Blue Valentine,Drama,2010,7.3,188000,1000000,15440333,112
Knight and Day,Action,2010,6.3,184000,117000000,261989769,109
Piranha 3D,Comedy,2010,5.4,87000,24000000,83188165,88
127 Hours,Biography,2010,7.5,356000,18000000,60738797,94
The Expendables,Action,2010,6.5,331000,80000000,274470394,103
The Other Guys,Action,2010,6.6,249000,100000000,170458922,107
TRON: Legacy,Action,2010,6.8,319000,170000000,400063852,125
Life as We Know It,Comedy,2010,6.5,126000,38000000,105734416,114
Toy Story 3,Animation,2010,8.2,776000,200000000,1066970811,103
The Next Three Days,Action,2010,7.3,189000,30000000,67448651,133
Easy A,Comedy,2010,7,368000,8000000,75026327,92
The King's Speech,Biography,2010,8,651000,15000000,427374317,118
The Fighter,Biography,2010,7.8,348000,25000000,129190869,116
Machete,Action,2010,6.6,192000,10500000,45491656,105
The Debt,Drama,2010,6.8,67000,20000000,45636368,113
Megamind,Animation,2010,7.2,236000,130000000,321885765,95
The Losers,Action,2010,6.3,94000,25000000,29397654,97
Unstoppable,Action,2010,6.8,189000,100000000,167805466,98
The Karate Kid,Action,2010,6.2,168000,40000000,359126022,140
Eat Pray Love,Biography,2010,5.8,92000,60000000,204594016,133
Centurion,Action,2010,6.3,80000,12000000,6890432,97
The A-Team,Action,2010,6.7,250000,110000000,177238796,117
Hot Tub Time Machine,Comedy,2010,6.4,165000,36000000,64780213,101
Prince of Persia: the Sands of Time,Action,2010,6.6,277000,200000000,336365676,116
Diary of a Wimpy Kid,Animation,2010,6.2,45000,15000000,76196538,120
Never Let Me Go,Drama,2010,7.1,140000,15000000,9918093,103
Predators,Action,2010,6.4,216000,40000000,127233108,107
Buried,Drama,2010,7,153000,3000000,19439764,95
Legion,Action,2010,5.3,101000,26000000,67918658,100
Remember Me,Drama,2010,7.1,141000,16000000,56032889,113
Jonah Hex,Action,2010,4.7,56000,47000000,10903312,81
Salt,Action,2010,6.4,301000,110000000,293503354,100
Morning Glory,Comedy,2010,6.5,76000,40000000,60040976,107
Winter's Bone,Drama,2010,7.2,138000,2000000,13796834,100
A Nightmare on Elm Street,Crime,2010,5.2,95000,35000000,115695182,95
Resident Evil: Afterlife,Action,2010,5.8,165000,60000000,300228084,96
Takers,Action,2010,6.2,60000,32000000,80205382,107
The Way Back,Adventure,2010,7.3,112000,30000000,24172201,133
Killers,Action,2010,5.5,89000,75000000,98159963,100
Due Date,Comedy,2010,6.5,329000,65000000,211780824,95
Devil,Horror,2010,6.2,137000,10000000,62695489,80
Green Zone,Action,2010,6.8,133000,100000000,154711438,115
Faster,Action,2010,6.4,103000,24000000,35626958,98
Super,Action,2010,6.7,76000,2500000,422618,96
It's Kind of a Funny Story,Comedy,2010,7.1,139000,8000000,6491240,101
The Crazies,Horror,2010,6.5,114000,20000000,54806823,101
Shrek Forever After,Animation,2010,6.3,190000,165000000,752600867,93
The Chronicles of Narnia: the Voyage of the Dawn Treader,Adventure,2010,6.3,145000,155000000,415686217,113
Let Me In,Drama,2010,7.1,115000,20000000,27093592,116
The Kids Are All Right,Comedy,2010,7,127000,4000000,34758951,106
Date Night,Comedy,2010,6.3,155000,55000000,152263880,88
Leap Year,Comedy,2010,6.5,99000,19000000,32686500,100
Little Fockers,Comedy,2010,5.5,108000,100000000,310650585,98
The Runaways,Biography,2010,6.5,47000,10000000,4681651,106
The Sorcerer's Apprentice,Action,2010,6.1,156000,150000000,215283742,109
MacGruber,Action,2010,5.5,43000,10000000,9322895,90
The Ghost Writer,Crime,2010,7.2,159000,45000000,60331447,128
Skyline,Action,2010,4.4,88000,10000000,66984887,92
Edge of Darkness,Action,2010,6.6,91000,80000000,81126522,117
Ramona and Beezus,Comedy,2010,6.5,18000,15000000,27293743,103
Valentine's Day,Comedy,2010,5.7,116000,52000000,216485654,125
Letters to Juliet,Adventure,2010,6.5,95000,30000000,79628830,105
Dear John,Drama,2010,6.3,142000,25000000,114984666,108
Get Him to the Greek,Comedy,2010,6.3,172000,40000000,91720255,109
Dinner for Schmucks,Comedy,2010,5.9,103000,69000000,86855739,114
How Do You Know,Comedy,2010,5.4,48000,120000000,48668907,121
The Secret World of Arrietty,Animation,2010,7.6,85000,23000000,149411550,94
Gulliver's Travels,Adventure,2010,4.9,67000,112000000,237382724,85
Tooth Fairy,Comedy,2010,5,44000,48000000,112462508,101
The Switch,Comedy,2010,6.1,100000,19000000,49843011,101
Step Up,Drama,2010,6.2,56000,30000000,159291809,107
Wall Street: Money Never Sleeps,Drama,2010,6.2,100000,70000000,134748021,133
The Last Song,Drama,2010,6,83000,20000000,89137047,107
Cop Out,Action,2010,5.6,86000,30000000,55611001,107
Rubber,Comedy,2010,5.8,35000,500000,101729,82
You Again,Comedy,2010,5.8,50000,20000000,32054369,105
The Bounty Hunter,Action,2010,5.6,123000,40000000,136333522,110
From Paris with Love,Action,2010,6.4,114000,52000000,52844496,92
13 Assassins,Action,2010,7.6,63000,6000000,18689058,141
Nanny McPhee Returns,Comedy,2010,6.1,30000,35000000,93251121,109
Wild Target,Action,2010,6.8,37000,8000000,3494154,98
When in Rome,Comedy,2010,5.6,60000,55000000,43053376,91
Going the Distance,Comedy,2010,6.3,57000,32000000,42059111,102
Somewhere,Comedy,2010,6.3,44000,7000000,14788642,97
Secretariat,Biography,2010,7.2,27000,35000000,60321861,123
Death at a Funeral,Comedy,2010,5.7,48000,21000000,49050886,92
The Spy Next Door,Action,2010,5.5,42000,28000000,66166000,94
Hereafter,Drama,2010,6.4,91000,50000000,106956330,129
Repo Men,Action,2010,6.3,103000,32000000,18409891,111
Vampires Suck,Comedy,2010,3.4,47000,20000000,80547866,82
Twelve,Action,2010,5.6,12000,5000000,2648195,93
Beginners,Comedy,2010,7.2,89000,3200000,14311701,105
Legend of the Guardians: the Owls of Ga'Hoole,Animation,2010,6.9,80000,80000000,140073390,97
Rabbit Hole,Drama,2010,7,48000,5000000,5144717,91
Meek's Cutoff,Adventure,2010,6.6,13000,2000000,1205257,104
Conviction,Biography,2010,7.2,43000,12500000,11104555,107
Trust,Crime,2010,6.9,42000,4000000,595802,106
My Name Is Khan,Drama,2010,8,101000,12000000,42345360,165
The Company Men,Drama,2010,6.7,44000,15000000,8087000,104
Cyrus,Comedy,2010,6.3,34000,7000000,9933873,91
Paranormal Activity 2,Horror,2010,5.7,100000,3000000,177512032,91
The Killer Inside Me,Crime,2010,6.1,33000,13000000,4052191,109
The Extra Man,Comedy,2010,5.8,4800,7000000,649626,108
Stone,Drama,2010,5.4,41000,22000000,10300416,105
Why Did I Get Married Too?,Comedy,2010,4.7,9200,20000000,60673972,121
The Last Exorcism,Horror,2010,5.7,49000,1800000,69432527,87
Dirty Girl,Comedy,2010,6.4,10000,4000000,143485,90
London Boulevard,Crime,2010,6.2,47000,25000000,8307227,103
Fair Game,Biography,2010,6.8,47000,22000000,25806953,108
The Back-up Plan,Comedy,2010,5.4,49000,35000000,77477008,104
Don't Be Afraid of the Dark,Fantasy,2010,5.6,47000,25000000,38269529,99
Country Strong,Drama,2010,6.3,18000,15000000,20529194,117
Charlie St. Cloud,Drama,2010,6.4,60000,44000000,48190704,99
Stake Land,Drama,2010,6.5,41000,650000,405380,98
Vanishing on 7th Street,Horror,2010,4.9,25000,10000000,1671196,92
Barney's Version,Comedy,2010,7.3,24000,30000000,12106921,134
You Will Meet a Tall Dark Stranger,Comedy,2010,6.3,44000,22000000,36015260,98
The Conspirator,Crime,2010,6.9,28000,25000000,15625544,122
Furry Vengeance,Comedy,2010,3.8,16000,35000000,36351945,92
The Tempest,Comedy,2010,5.4,7500,20000000,405861,110
Henry's Crime,Comedy,2010,6,19000,12000000,2169799,108
Extraordinary Measures,Drama,2010,6.4,16000,31000000,15134293,106
Yogi Bear,Animation,2010,4.6,21000,80000000,203509374,80
My Soul to Take,Horror,2010,4.8,20000,25000000,21500813,107
The Warrior's Way,Action,2010,6.3,26000,42000000,11103434,100
Hatchet II,Action,2010,5.5,13000,800000,156190,85
Hesher,Drama,2010,7,51000,7000000,449702,106
For Colored Girls,Drama,2010,6.1,7300,21000000,37981984,133
The Perfect Host,Comedy,2010,6.8,26000,500000,453708,93
Love Ranch,Biography,2010,5.6,3000,25000000,146149,117
Passion Play,Drama,2010,4.6,7400,8000000,25603,94
Everything Must Go,Drama,2010,6.4,49000,5000000,2820490,97
Captain America: the First Avenger,Action,2011,6.9,769000,140000000,370569774,124
Thor,Action,2011,7,772000,150000000,449326618,115
Harry Potter and the Deathly Hallows: Part 2,Adventure,2011,8.1,790000,125000000,1342321665,130
Take Shelter,Drama,2011,7.4,95000,5000000,3741098,120
Bridesmaids,Comedy,2011,6.8,276000,32500000,288383523,125
Fast Five,Action,2011,7.3,362000,125000000,626137675,130
Midnight in Paris,Comedy,2011,7.7,398000,17000000,151653750,94
Moneyball,Biography,2011,7.6,385000,50000000,110206216,133
The Girl with the Dragon Tattoo,Crime,2011,7.8,435000,90000000,232617430,158
Just Go with It,Comedy,2011,6.4,227000,80000000,214945591,117
Drive,Crime,2011,7.8,587000,15000000,77187281,100
Green Lantern,Action,2011,5.5,272000,200000000,219851172,114
The Cabin in the Woods,Horror,2011,7,387000,30000000,69935600,95
The Help,Drama,2011,8,436000,25000000,216639112,146
"Crazy, Stupid, Love.",Comedy,2011,7.4,487000,50000000,145051197,118
No Strings Attached,Comedy,2011,6.2,219000,25000000,149228077,108
Pirates of the Caribbean: on Stranger Tides,Action,2011,6.6,492000,250000000,1045713802,136
Sucker Punch,Action,2011,6,235000,82000000,89792502,110
Warrior,Action,2011,8.1,445000,25000000,23308615,140
Kung Fu Panda 2,Animation,2011,7.2,262000,150000000,665692281,90
Friends with Benefits,Comedy,2011,6.5,348000,35000000,149542245,109
Immortals,Action,2011,6,163000,75000000,226904017,110
X-Men: First Class,Action,2011,7.7,657000,160000000,352616690,131
Contagion,Drama,2011,6.7,290000,60000000,136515867,106
Bad Teacher,Comedy,2011,5.6,196000,20000000,216197492,92
In Time,Action,2011,6.7,379000,40000000,173930596,109
One Day,Drama,2011,7,143000,15000000,59389433,107
Scream 4,Horror,2011,6.1,131000,40000000,97231420,111
Shame,Drama,2011,7.2,187000,6500000,19123767,101
Mission: Impossible - Ghost Protocol,Action,2011,7.4,466000,145000000,694713380,132
Super 8,Mystery,2011,7,343000,50000000,260095986,112
We Need to Talk About Kevin,Drama,2011,7.5,142000,7000000,9232318,112
Limitless,Sci-Fi,2011,7.4,538000,27000000,161849455,105
Unknown,Action,2011,6.8,253000,30000000,135710029,113
Transformers: Dark of the Moon,Action,2011,6.2,390000,195000000,1123794079,154
Cowboys & Aliens,Action,2011,6,211000,163000000,174822325,119
The Twilight Saga: Breaking Dawn - Part 1,Adventure,2011,4.9,228000,110000000,712205856,117
Conan the Barbarian,Action,2011,5.2,96000,90000000,63523283,113
Cars 2,Animation,2011,6.1,168000,200000000,559852396,106
Rango,Animation,2011,7.2,245000,135000000,245724603,107
Melancholia,Drama,2011,7.2,172000,7400000,17039814,135
Source Code,Action,2011,7.5,495000,32000000,147332697,93
Real Steel,Action,2011,7,306000,110000000,299268508,127
Horrible Bosses,Comedy,2011,6.8,428000,35000000,209838559,98
Rio,Animation,2011,6.9,212000,90000000,483866518,96
Sherlock Holmes: A Game of Shadows,Action,2011,7.5,429000,125000000,543848418,129
The Three Musketeers,Action,2011,5.7,105000,75000000,132274484,110
Tower Heist,Action,2011,6.2,137000,75000000,152930623,104
Paul,Adventure,2011,7,240000,40000000,97984015,104
We Bought a Zoo,Comedy,2011,7.1,138000,50000000,120081841,124
Rise of the Planet of the Apes,Action,2011,7.5,504000,93000000,481800873,105
Your Highness,Adventure,2011,5.5,99000,49900000,28013733,102
The Lincoln Lawyer,Crime,2011,7.3,221000,40000000,86752352,118
Colombiana,Action,2011,6.4,97000,40000000,71508440,108
Larry Crowne,Comedy,2011,6.1,65000,30000000,75055070,98
Abduction,Action,2011,5.1,78000,35000000,82087155,106
A Separation,Drama,2011,8.3,227000,500000,22926076,123
Hugo,Drama,2011,7.5,310000,150000000,185770310,126
The Adjustment Bureau,Romance,2011,7,248000,50200000,127869379,106
The Tree of Life,Drama,2011,6.8,171000,32000000,58409247,139
Killer Joe,Crime,2011,6.7,75000,11000000,4633668,102
Kill the Irishman,Biography,2011,7.1,47000,12000000,1188194,106
War Horse,Action,2011,7.2,150000,66000000,177584879,146
The Change-Up,Comedy,2011,6.3,172000,52000000,75450437,112
The Raid: Redemption,Action,2011,7.6,195000,1100000,9148519,101
Margin Call,Drama,2011,7.1,121000,3500000,19504039,107
Hanna,Action,2011,6.8,193000,30000000,63782078,111
50/50,Comedy,2011,7.6,320000,8000000,41097853,100
The Descendants,Comedy,2011,7.3,235000,20000000,177243185,115
The Adventures of Tintin,Animation,2011,7.3,221000,135000000,373993951,107
The Darkest Hour,Action,2011,4.9,59000,30000000,64626786,89
Final Destination 5,Action,2011,5.8,109000,40000000,157887643,92
I Am Number Four,Action,2011,6.1,230000,60000000,149878437,111
Footloose,Comedy,2011,5.9,47000,24000000,63543328,113
You're Next,Horror,2011,6.6,92000,1000000,26895481,95
The Thing,Horror,2011,6.2,124000,38000000,31505287,103
Drive Angry,Action,2011,5.4,96000,50000000,40909909,104
Jack and Jill,Comedy,2011,3.3,80000,79000000,149673788,91
Zookeeper,Comedy,2011,5.2,59000,80000000,169852759,102
The Hangover Part II,Comedy,2011,6.4,472000,80000000,586764305,102
Hall Pass,Comedy,2011,5.8,121000,36000000,86157237,105
The Best Exotic Marigold Hotel,Comedy,2011,7.3,92000,10000000,136836272,124
The Grey,Action,2011,6.8,244000,25000000,79781695,117
The Sitter,Comedy,2011,5.7,69000,25000000,34942188,81
Take Me Home Tonight,Comedy,2011,6.3,52000,23000000,7550073,97
The Mechanic,Action,2011,6.6,154000,40000000,76130093,93
Ghost Rider: Spirit of Vengeance,Action,2011,4.3,113000,57000000,132563930,96
Battle Los Angeles,Action,2011,5.7,176000,70000000,211819354,116
The Green Hornet,Action,2011,5.8,157000,120000000,227817248,119
Killer Elite,Action,2011,6.4,126000,70000000,57084522,116
Shark Night,Horror,2011,4,25000,25000000,41363927,90
J. Edgar,Biography,2011,6.5,124000,35000000,84920539,137
Dream House,Drama,2011,6,64000,50000000,39984400,84
Haywire,Action,2011,5.8,85000,23000000,34513760,93
The Muppets,Adventure,2011,7.1,89000,45000000,165184237,103
The Smurfs,Animation,2011,5.4,86000,110000000,563749323,103
The Ides of March,Drama,2011,7.1,218000,12500000,76338111,101
Fright Night,Comedy,2011,6.4,101000,30000000,41002607,106
Soul Surfer,Biography,2011,7,47000,18000000,47120948,112
The Artist,Comedy,2011,7.9,234000,15000000,133432856,100
Water for Elephants,Drama,2011,6.9,113000,38000000,117094902,120
The Snowtown Murders,Biography,2011,6.6,18000,2000000,1349387,119
Something Borrowed,Comedy,2011,5.9,59000,35000000,65100369,112
Priest,Action,2011,5.7,117000,60000000,78309505,87
Johnny English Reborn,Action,2011,6.3,123000,45000000,160078586,101
Bucky Larson: Born to Be a Star,Comedy,2011,3.2,12000,10000000,2530394,97
Diary of a Wimpy Kid: Rodrick Rules,Animation,2011,6.5,28000,21000000,72526996,99
Carnage,Comedy,2011,7.2,122000,25000000,30722632,80
Attack the Block,Action,2011,6.7,102000,13000000,6206022,88
The Guard,Comedy,2011,7.3,83000,6000000,19561904,96
Young Adult,Comedy,2011,6.3,82000,12000000,22939027,94
The Devil's Double,Biography,2011,7.1,61000,19100000,5728213,109
Another Earth,Drama,2011,6.9,93000,100000,1938783,92
Like Crazy,Drama,2011,6.7,60000,250000,3852409,86
What's Your Number?,Comedy,2011,6.1,74000,20000000,30426096,106
Gnomeo & Juliet,Animation,2011,5.9,53000,36000000,193967670,84
Puss in Boots,Animation,2011,6.6,148000,130000000,554987477,90
Beastly,Drama,2011,5.6,76000,17000000,43202283,86
Bernie,Biography,2011,6.8,58000,5000000,10173061,104
Season of the Witch,Action,2011,5.4,91000,40000000,91627228,95
Silent House,Drama,2011,5.3,22000,2000000,16527747,86
Winnie the Pooh,Animation,2011,7.2,23000,30000000,49871429,63
Hobo with a Shotgun,Action,2011,6.1,45000,3000000,748453,86
The Eagle,Action,2011,6.2,67000,25000000,37989684,114
The Rum Diary,Comedy,2011,6.2,100000,45000000,30134958,119
Spy Kids 4-D: All the Time in the World,Animation,2011,3.5,24000,27000000,85564310,89
The Divide,Drama,2011,5.8,36000,3000000,145676,112
Red Riding Hood,Fantasy,2011,5.5,109000,42000000,90260376,100
The Roommate,Drama,2011,4.8,37000,16000000,40492652,91
Monte Carlo,Adventure,2011,5.8,42000,20000000,39782683,109
The Rite,Drama,2011,6,93000,37000000,96560591,114
New Year's Eve,Comedy,2011,5.7,83000,56000000,142044638,118
Sound of My Voice,Drama,2011,6.6,21000,135000,424088,85
W.E.,Drama,2011,6.3,12000,15000000,2042203,119
Extremely Loud & Incredibly Close,Adventure,2011,6.9,99000,40000000,55247881,129
Alvin and the Chipmunks: Chipwrecked,Animation,2011,4.3,33000,75000000,342695435,87
Our Idiot Brother,Comedy,2011,6.4,85000,5000000,25804448,90
Sanctum,Action,2011,5.9,54000,30000000,108609310,108
The Big Year,Comedy,2011,6.2,43000,41000000,8179416,100
Straw Dogs,Action,2011,5.8,33000,25000000,11168712,110
Red State,Action,2011,6.2,63000,4000000,1874460,88
Trespass,Crime,2011,5.3,42000,35000000,10117966,91
Machine Gun Preacher,Action,2011,6.8,64000,30000000,3338690,129
From Up on Poppy Hill,Animation,2011,7.4,38000,22000000,61487846,91
30 Minutes or Less,Action,2011,6.1,96000,28000000,40662632,83
The Iron Lady,Biography,2011,6.4,105000,13000000,115890699,105
Your Sister's Sister,Comedy,2011,6.7,27000,125000,3242802,90
Mr. Popper's Penguins,Comedy,2011,6,91000,55000000,187361754,94
Courageous,Drama,2011,7,20000,2000000,35185884,129
Jin ling shi san chai,Drama,2011,7.6,51000,94000000,2855644,146
Apollo 18,Horror,2011,5.2,54000,5000000,26236153,86
Anonymous,Drama,2011,6.9,40000,30000000,15395087,130
Hop,Animation,2011,5.4,32000,63000000,183954145,95
Atlas Shrugged: Part I,Drama,2011,5.6,13000,20000000,4627375,97
Happy Feet Two,Animation,2011,5.9,43000,135000000,159197038,100
The Beaver,Drama,2011,6.6,48000,21000000,7294800,91
Rockstar,Drama,2011,7.7,41000,10920000,11219667,159
"Big Mommas: Like Father, Like Son",Action,2011,4.4,26000,32000000,82686066,107
The Dilemma,Comedy,2011,5.3,53000,70000000,69721966,111
Dolphin Tale,Drama,2011,6.8,23000,37000000,95943453,113
The Avengers,Action,2012,8,1300000,220000000,1518815515,143
Django Unchained,Drama,2012,8.4,1400000,100000000,426074373,165
The Hobbit: An Unexpected Journey,Adventure,2012,7.8,773000,180000000,1017003568,169
The Hunger Games,Action,2012,7.2,862000,78000000,694394724,142
The Dark Knight Rises,Action,2012,8.4,1600000,250000000,1081142612,164
Pitch Perfect,Comedy,2012,7.1,285000,17000000,115350426,112
This Is 40,Comedy,2012,6.2,132000,35000000,88215156,134
The Hunt,Drama,2012,8.3,297000,3800000,15843274,115
Prometheus,Adventure,2012,7,578000,130000000,403354469,124
Moonrise Kingdom,Comedy,2012,7.8,327000,16000000,68264022,94
The Impossible,Drama,2012,7.6,208000,45000000,198087212,114
Argo,Biography,2012,7.7,585000,44500000,232325503,120
The Twilight Saga: Breaking Dawn - Part 2,Adventure,2012,5.5,236000,120000000,829747654,115
Jack Reacher,Action,2012,7,317000,60000000,218340595,130
Zero Dark Thirty,Drama,2012,7.4,280000,40000000,132820716,157
Cloud Atlas,Action,2012,7.4,349000,102000000,130482868,172
Skyfall,Action,2012,7.7,642000,200000000,1108569499,143
The Perks of Being a Wallflower,Drama,2012,7.9,475000,13000000,33384127,103
The Amazing Spider-Man,Action,2012,6.9,571000,230000000,757930663,136
Les Mis√©rables,Drama,2012,7.6,315000,61000000,441809770,158
Silver Linings Playbook,Comedy,2012,7.7,675000,21000000,236412453,122
Snow White and the Huntsman,Action,2012,6.1,278000,170000000,396592829,127
The Master,Drama,2012,7.2,160000,32000000,28258060,138
Looper,Action,2012,7.4,545000,30000000,176506819,113
Killing Them Softly,Crime,2012,6.2,137000,15000000,37930465,97
Flight,Drama,2012,7.3,334000,31000000,161772375,138
21 Jump Street,Action,2012,7.2,521000,42000000,201585328,109
Ted,Comedy,2012,6.9,580000,50000000,549368315,106
Sinister,Horror,2012,6.8,229000,3000000,82515113,110
This Means War,Action,2012,6.3,179000,65000000,156491279,103
That's My Boy,Comedy,2012,5.5,94000,70000000,57719093,116
Lincoln,Biography,2012,7.3,250000,65000000,275293450,150
Brave,Animation,2012,7.1,383000,185000000,538983207,93
The Place Beyond the Pines,Crime,2012,7.3,253000,15000000,47052899,140
Dredd,Action,2012,7.1,260000,50000000,41037742,95
Dark Shadows,Comedy,2012,6.2,252000,150000000,245527149,113
John Carter,Action,2012,6.6,260000,250000000,284139100,132
Battleship,Action,2012,5.8,240000,209000000,303025485,131
Magic Mike,Comedy,2012,6.1,134000,7000000,167739961,110
Hotel Transylvania,Animation,2012,7.1,232000,85000000,358375603,91
Lawless,Crime,2012,7.3,232000,26000000,55404207,116
Spring Breakers,Crime,2012,5.3,138000,5000000,32170399,94
Underworld: Awakening,Action,2012,6.3,148000,70000000,160112671,88
Piranha 3DD,Comedy,2012,3.7,41000,5000000,8518634,83
Safe House,Action,2012,6.7,211000,85000000,208076205,115
Seeking a Friend for the End of the World,Adventure,2012,6.7,109000,10000000,11681781,101
The Bourne Legacy,Action,2012,6.6,290000,125000000,276144750,135
Abraham Lincoln: Vampire Hunter,Action,2012,5.9,151000,69000000,116471580,105
Wreck-It Ralph,Animation,2012,7.7,390000,165000000,471222889,101
Total Recall,Action,2012,6.2,244000,125000000,198467168,118
Project X,Comedy,2012,6.6,193000,12000000,102731865,88
American Reunion,Comedy,2012,6.7,206000,50000000,234989584,113
Savages,Crime,2012,6.5,126000,45000000,82966152,131
Life of Pi,Adventure,2012,7.9,594000,120000000,609016565,127
Anna Karenina,Drama,2012,6.6,95000,40600000,68929150,129
Resident Evil: Retribution,Action,2012,5.4,136000,65000000,240159255,95
Men in Black 3,Action,2012,6.8,342000,225000000,624026776,106
Journey 2: The Mysterious Island,Action,2012,5.8,96000,79000000,335260290,94
Seven Psychopaths,Comedy,2012,7.2,246000,15000000,32226382,110
Rock of Ages,Comedy,2012,5.9,75000,75000000,59418613,123
The Dictator,Comedy,2012,6.4,286000,65000000,179379533,83
The Watch,Comedy,2012,5.7,123000,68000000,68267862,102
The Expendables 2,Action,2012,6.6,296000,100000000,314975955,103
Safety Not Guaranteed,Comedy,2012,7,122000,750000,4424699,86
Chronicle,Adventure,2012,7,243000,12000000,126636097,84
Red Dawn,Action,2012,5.4,74000,65000000,50950296,93
End of Watch,Action,2012,7.6,233000,7000000,55078146,109
Wrath of the Titans,Action,2012,5.7,184000,150000000,301970083,99
Mud,Drama,2012,7.4,172000,10000000,32613173,130
The Lorax,Animation,2012,6.4,102000,70000000,348840316,86
Man on a Ledge,Action,2012,6.6,147000,42000000,47636031,102
Diary of a Wimpy Kid: Dog Days,Animation,2012,6.3,23000,22000000,77229695,94
The Lucky One,Drama,2012,6.5,103000,25000000,99357138,101
Rise of the Guardians,Animation,2012,7.3,161000,145000000,306941670,97
The Iceman,Biography,2012,6.8,72000,10000000,4552970,106
Maniac,Horror,2012,6.1,36000,6000000,2631275,89
Madagascar 3: Europe's Most Wanted,Animation,2012,6.8,168000,145000000,746921274,93
The Five-Year Engagement,Comedy,2012,6.2,96000,30000000,54169363,124
House at the End of the Street,Drama,2012,5.6,74000,10000000,44287131,101
The Sessions,Biography,2012,7.2,42000,1000000,10656155,95
The Woman in Black,Drama,2012,6.4,177000,17000000,128955898,95
The Three Stooges,Comedy,2012,5.1,30000,30000000,54819301,92
Think Like a Man,Comedy,2012,6.5,45000,12000000,96070507,122
The Vow,Drama,2012,6.8,187000,30000000,196114570,104
Taken 2,Action,2012,6.3,294000,45000000,376152455,92
Compliance,Crime,2012,6.4,33000,270000,592116,90
The Company You Keep,Drama,2012,6.4,32000,2000000,20014680,125
Hit and Run,Action,2012,6.1,35000,2000000,16816647,100
Act of Valor,Action,2012,6.5,67000,12000000,82499399,110
Passion,Adventure,2012,5.3,22000,20000000,713616,102
On the Road,Adventure,2012,6.1,40000,25000000,9617377,124
Bullet to the Head,Action,2012,5.7,48000,45000000,21947209,92
LOL,Comedy,2012,4.4,54000,11000000,10578643,97
The First Time,Comedy,2012,6.8,68000,2000000,92654,95
Ice Age: Continental Drift,Animation,2012,6.5,197000,95000000,877244782,88
No One Lives,Horror,2012,6,20000,2900000,1048704,86
Mirror Mirror,Adventure,2012,5.6,85000,85000000,183018522,106
About Cherry,Drama,2012,4.8,10000,2500000,8315,98
Hitchcock,Biography,2012,6.8,73000,15700000,27039669,98
The Lords of Salem,Horror,2012,5.2,28000,1500000,1544989,101
Step Up Revolution,Drama,2012,6.4,55000,33000000,140470746,99
Ruby Sparks,Comedy,2012,7.2,97000,8000000,9368803,104
The Paperboy,Crime,2012,5.8,37000,12500000,3783865,107
The Possession,Horror,2012,5.9,58000,14000000,85446075,92
Silent Hill: Revelation,Action,2012,5,61000,20000000,55362705,95
Safe,Action,2012,6.5,106000,30000000,41564670,94
The Brass Teapot,Comedy,2012,6.4,15000,900000,245027,101
Alex Cross,Action,2012,5.2,33000,35000000,34618867,101
Amour,Drama,2012,7.9,95000,8900000,29664140,127
What to Expect When You're Expecting,Comedy,2012,5.7,71000,40000000,84384002,110
Trouble with the Curve,Drama,2012,6.8,61000,30000000,48963137,111
Here Comes the Boom,Action,2012,6.4,87000,42000000,73100172,105
The Collection,Horror,2012,6.1,47000,7500000,9929706,82
ParaNorman,Animation,2012,7,96000,60000000,107139399,92
Contraband,Action,2012,6.4,119000,25000000,96262212,109
Arbitrage,Drama,2012,6.6,51000,12000000,35485056,107
The Man with the Iron Fists,Action,2012,5.4,61000,15000000,20546518,95
Cosmopolis,Crime,2012,5.1,45000,20500000,7029095,109
The Campaign,Comedy,2012,6.1,126000,95000000,104907746,85
Frankenweenie,Animation,2012,6.9,101000,39000000,81493846,87
The Guilt Trip,Comedy,2012,5.7,36000,40000000,41863726,95
Stand Up Guys,Comedy,2012,6.5,54000,15000000,5072654,95
Deadfall,Crime,2012,6.3,39000,12000000,1946254,95
The Words,Drama,2012,7,76000,6000000,15950164,102
Universal Soldier: Day of Reckoning,Action,2012,5,20000,10000000,1402307,114
Promised Land,Drama,2012,6.6,37000,15000000,11039031,106
Beasts of the Southern Wild,Adventure,2012,7.3,82000,1800000,21107746,93
Red Tails,Action,2012,5.9,34000,58000000,50365498,125
The Cold Light of Day,Action,2012,4.9,36000,20000000,16863583,93
The Apparition,Horror,2012,4.1,19000,17000000,11350665,82
Lockout,Action,2012,6.1,96000,20000000,32948113,95
Chasing Mavericks,Biography,2012,7.1,31000,20000000,7942116,116
Bachelorette,Comedy,2012,5.3,46000,3000000,12128575,87
Lay the Favorite,Comedy,2012,4.8,11000,26350000,1577272,94
Parental Guidance,Comedy,2012,6,25000,25000000,119772232,105
The Raven,Crime,2012,6.4,83000,26000000,29699345,110
Liberal Arts,Comedy,2012,6.7,37000,2000000,1150681,97
Stolen,Action,2012,5.5,44000,35000000,17415418,96
Kon-Tiki,Adventure,2012,7.2,47000,16600000,22842887,118
Paranormal Activity 4,Horror,2012,4.6,63000,5000000,142802657,88
Quartet,Comedy,2012,6.8,19000,11000000,59520298,98
Playing for Keeps,Comedy,2012,5.7,29000,35000000,30962335,105
Upside Down,Drama,2012,6.4,70000,60000000,22187813,109
The Odd Life of Timothy Green,Comedy,2012,6.6,46000,25000000,56012642,105
Premium Rush,Action,2012,6.5,111000,35000000,31083599,91
Not Fade Away,Drama,2012,6,4400,20000000,636399,112
Disconnect,Drama,2012,7.5,74000,10000000,3428048,115
The Pirates! Band of Misfits,Animation,2012,6.7,46000,55000000,123054041,88
Chernobyl Diaries,Horror,2012,5,65000,1000000,38390020,86
Talaash,Crime,2012,7.2,40000,7395080,5277766,140
Hope Springs,Comedy,2012,6.3,42000,30000000,114281051,100
People Like Us,Comedy,2012,7.1,42000,16000000,12558931,114
Vamps,Comedy,2012,5.2,9700,16000000,92748,92
A Thousand Words,Comedy,2012,5.9,41000,40000000,22044277,91
Escape from Planet Earth,Animation,2012,5.9,25000,40000000,74939189,89
"For a Good Time, Call...",Comedy,2012,6,16000,850000,1386088,85
Big Miracle,Biography,2012,6.5,19000,40000000,24740061,107
What Maisie Knew,Drama,2012,7.4,27000,6000000,2711379,99
The Devil Inside,Horror,2012,4.2,35000,1000000,101758490,83
Cocktail,Comedy,2012,6.3,14000,7980000,2724695,146
Fun Size,Adventure,2012,5.4,14000,14000000,11417362,86
Robot & Frank,Comedy,2012,7.1,63000,2500000,4806423,89
The Wolf of Wall Street,Biography,2013,8.2,1200000,100000000,392000694,180
Iron Man 3,Action,2013,7.1,779000,200000000,1214811252,130
The Conjuring,Horror,2013,7.5,464000,20000000,320290989,112
Prisoners,Crime,2013,8.1,625000,46000000,122126687,153
Thor: The Dark World,Action,2013,6.8,618000,170000000,644783140,112
The Purge,Horror,2013,5.7,209000,3000000,89328627,85
Grown Ups 2,Comedy,2013,5.4,144000,80000000,246984278,101
Fast & Furious 6,Action,2013,7,377000,160000000,788680968,130
Gravity,Drama,2013,7.7,784000,100000000,723192705,91
About Time,Comedy,2013,7.8,317000,12000000,87100449,123
The Hobbit: The Desolation of Smaug,Adventure,2013,7.8,615000,225000000,959007513,161
Man of Steel,Action,2013,7,721000,225000000,668045518,143
Under the Skin,Drama,2013,6.3,134000,13300000,5866389,108
Only Lovers Left Alive,Comedy,2013,7.3,94000,7000000,7609187,123
Her,Drama,2013,8,559000,23000000,48517427,126
Snowpiercer,Action,2013,7.1,335000,39200000,86758912,126
We're the Millers,Comedy,2013,7,415000,37000000,269994119,110
Kick-Ass 2,Action,2013,6.5,259000,28000000,60795985,103
Frozen,Animation,2013,7.4,585000,150000000,1281508100,102
The Great Gatsby,Drama,2013,7.2,494000,105000000,353642274,143
American Hustle,Crime,2013,7.2,458000,40000000,251171807,138
The Green Inferno,Adventure,2013,5.3,41000,5000000,12666449,100
Rush,Action,2013,8.1,446000,38000000,96983009,123
Monsters University,Animation,2013,7.2,332000,200000000,743559645,104
Don Jon,Comedy,2013,6.5,232000,3000000,39439355,90
Now You See Me,Crime,2013,7.2,612000,75000000,351723989,115
Oblivion,Action,2013,7,495000,120000000,286168572,124
Identity Thief,Comedy,2013,5.7,128000,35000000,173965010,111
Star Trek Into Darkness,Action,2013,7.7,468000,190000000,467365246,132
The Hunger Games: Catching Fire,Action,2013,7.5,626000,130000000,865011746,146
Homefront,Action,2013,6.5,113000,22000000,48449416,100
Movie 43,Comedy,2013,4.3,101000,6000000,32443111,94
World War Z,Action,2013,7,618000,190000000,540455876,116
12 Years a Slave,Biography,2013,8.1,657000,20000000,187733202,134
G.I. Joe: Retaliation,Action,2013,5.8,176000,130000000,375740705,110
Dallas Buyers Club,Biography,2013,8,455000,5000000,55736588,117
The Secret Life of Walter Mitty,Adventure,2013,7.3,300000,90000000,188133322,114
Pacific Rim,Action,2013,6.9,475000,190000000,411002906,131
The Croods,Animation,2013,7.2,199000,135000000,587205319,98
This Is the End,Comedy,2013,6.6,391000,32000000,126041322,107
The Way Way Back,Comedy,2013,7.4,143000,5000000,26474920,103
The Internship,Comedy,2013,6.3,193000,58000000,93492844,119
Elysium,Action,2013,6.6,426000,115000000,286140700,109
Hansel & Gretel: Witch Hunters,Action,2013,6.1,198000,50000000,226349749,88
Captain Phillips,Adventure,2013,7.8,432000,55000000,218791811,134
Evil Dead,Horror,2013,6.5,160000,17000000,97542952,91
White House Down,Action,2013,6.3,211000,150000000,205366737,131
Olympus Has Fallen,Action,2013,6.5,263000,70000000,170270201,119
Lone Survivor,Action,2013,7.5,272000,40000000,154802912,121
Oz the Great and Powerful,Adventure,2013,6.3,201000,215000000,493311825,130
Pain & Gain,Action,2013,6.4,205000,26000000,87305549,129
Oldboy,Action,2013,5.7,71000,30000000,5186767,104
Out of the Furnace,Action,2013,6.8,110000,22000000,15661554,116
Coherence,Drama,2013,7.2,115000,50000,139745,89
Ender's Game,Action,2013,6.6,228000,110000000,125544024,114
Anchorman 2: the Legend Continues,Comedy,2013,6.3,172000,50000000,173649931,119
The World's End,Comedy,2013,7,266000,20000000,46091271,109
Stoker,Drama,2013,6.8,105000,12000000,12077441,99
The Mortal Instruments: City of Bones,Action,2013,5.9,129000,60000000,95396573,130
Mama,Fantasy,2013,6.2,172000,15000000,146428180,100
Riddick,Action,2013,6.4,157000,38000000,98337295,119
A Good Day to Die Hard,Action,2013,5.3,201000,92000000,304654182,98
Escape Plan,Action,2013,6.7,232000,50000000,137328301,115
The Wolverine,Action,2013,6.7,439000,120000000,414828246,126
Texas Chainsaw,Horror,2013,4.8,47000,20000000,47340586,92
Despicable Me 2,Animation,2013,7.3,377000,76000000,970766005,98
47 Ronin,Action,2013,6.3,152000,175000000,151783839,128
Adore,Drama,2013,6.2,33000,16000000,1575749,112
Machete Kills,Action,2013,5.6,76000,20000000,17496820,107
Warm Bodies,Comedy,2013,6.8,223000,35000000,116980662,98
Percy Jackson: Sea of Monsters,Adventure,2013,5.8,113000,90000000,199850315,106
Blue Jasmine,Comedy,2013,7.3,195000,18000000,99104804,98
Safe Haven,Drama,2013,6.7,106000,28000000,97594140,115
Gangster Squad,Action,2013,6.7,209000,60000000,105200903,113
August: Osage County,Comedy,2013,7.2,87000,25000000,74188937,121
Locke,Drama,2013,7.1,140000,2000000,5090608,85
Before Midnight,Drama,2013,7.9,146000,3000000,20994648,109
Begin Again,Comedy,2013,7.4,147000,8000000,65652908,104
Oculus,Horror,2013,6.5,120000,5000000,44459951,104
The Counselor,Crime,2013,5.3,98000,25000000,71009334,117
Parker,Action,2013,6.2,118000,35000000,46922566,118
The Call,Crime,2013,6.7,115000,13000000,68572631,94
Scary Movie V,Comedy,2013,3.5,67000,20000000,78378744,86
R.I.P.D.,Action,2013,5.6,123000,130000000,78324220,96
Inside Llewyn Davis,Comedy,2013,7.5,144000,11000000,32960249,104
The To Do List,Comedy,2013,5.8,38000,1500000,3909596,104
Carrie,Drama,2013,5.9,135000,30000000,84790678,100
The Lone Ranger,Action,2013,6.4,225000,215000000,260502115,150
The Host,Action,2013,5.9,112000,40000000,63365859,125
Turbo,Animation,2013,6.4,88000,135000000,282570682,96
What If,Comedy,2013,6.8,73000,11000000,8526288,98
2 Guns,Action,2013,6.7,201000,61000000,131940411,109
Enough Said,Comedy,2013,7,60000,8000000,25288872,93
Side Effects,Crime,2013,7.1,183000,30000000,63414135,106
The Heat,Action,2013,6.6,165000,43000000,229930771,117
Insidious: Chapter 2,Horror,2013,6.6,160000,5000000,161919318,106
Redemption,Action,2013,6.2,68000,20000000,12671109,100
Belle,Biography,2013,7.3,29000,10900000,16607575,100
After Earth,Action,2013,4.8,194000,130000000,243611982,100
Lee Daniels' The Butler,Biography,2013,7.2,111000,30000000,177313795,132
Only God Forgives,Action,2013,5.7,109000,4800000,10639616,90
RED 2,Action,2013,6.6,163000,84000000,148075565,116
Blood Ties,Action,2013,6.5,19000,25500000,2566435,127
Dead Man Down,Action,2013,6.5,65000,30000000,18074539,118
The Spectacular Now,Comedy,2013,7.1,147000,2500000,6918591,95
42,Biography,2013,7.5,89000,40000000,97470701,128
The Last Stand,Action,2013,6.3,135000,45000000,48330757,107
Filth,Comedy,2013,7.1,104000,5000000,8417248,97
The Grand Seduction,Comedy,2013,7,16000,12700000,4292517,113
Saving Mr. Banks,Biography,2013,7.5,155000,35000000,117867984,125
The Book Thief,Drama,2013,7.5,130000,19000000,76586316,131
The Hangover Part III,Comedy,2013,5.8,299000,103000000,362000072,100
Lovelace,Biography,2013,6.2,39000,10000000,1585583,93
The Bling Ring,Biography,2013,5.6,85000,8000000,20045576,90
The Family,Comedy,2013,6.3,113000,30000000,78418811,111
The Wind Rises,Animation,2013,7.8,77000,30000000,136533257,126
Life of Crime,Comedy,2013,5.8,18000,12000000,1456675,98
Beautiful Creatures,Drama,2013,6.1,85000,60000000,60052138,124
Joe,Crime,2013,6.9,46000,4000000,2431443,117
Delivery Man,Comedy,2013,6.4,76000,26000000,53120346,105
Grudge Match,Comedy,2013,6.4,59000,40000000,44907260,113
Planes,Animation,2013,5.7,43000,50000000,239258712,91
Cloudy with a Chance of Meatballs 2,Animation,2013,6.4,94000,78000000,274325949,95
Jack the Giant Slayer,Adventure,2013,6.2,134000,195000000,197687603,114
Blue Ruin,Crime,2013,7.1,69000,420000,993313,90
Epic,Animation,2013,6.7,101000,100000000,268426634,102
Dark Skies,Horror,2013,6.3,73000,3500000,27858103,97
Nebraska,Adventure,2013,7.7,114000,12000000,27682872,115
Labor Day,Drama,2013,6.9,44000,18000000,20275812,111
Trance,Crime,2013,6.9,111000,20000000,24261569,101
Broken City,Action,2013,6.2,78000,35000000,34737199,109
The Zero Theorem,Comedy,2013,6.1,46000,8500000,1486506,107
All Is Lost,Action,2013,6.9,78000,9000000,13627519,106
Anna,Drama,2013,6.5,22000,7000000,1257142,99
Third Person,Drama,2013,6.3,27000,28000000,2624761,137
The Grandmaster,Action,2013,6.6,32000,38600000,73906736,130
The Incredible Burt Wonderstone,Comedy,2013,5.9,71000,30000000,27437881,100
The Big Wedding,Comedy,2013,5.6,48000,35000000,46522137,89
Snitch,Action,2013,6.4,85000,15000000,57824674,112
The Smurfs 2,Animation,2013,5.3,39000,105000000,347545360,105
Last Vegas,Comedy,2013,6.6,130000,28000000,134409025,105
Fruitvale Station,Biography,2013,7.5,78000,900000,17385830,85
Bad Grandpa,Comedy,2013,6.5,90000,15000000,151826547,92
Philomena,Biography,2013,7.6,96000,12000000,100129872,98
The Canyons,Drama,2013,3.8,11000,250000,270185,99
Jobs,Biography,2013,6,95000,12000000,42128352,128
The Immigrant,Drama,2013,6.6,31000,16000000,5952884,120
21 & Over,Comedy,2013,5.8,73000,13000000,48065672,93
Runner Runner,Crime,2013,5.6,61000,30000000,62675095,88
A Haunted House,Comedy,2013,5,45000,2500000,60159584,86
How I Live Now,Action,2013,6.5,29000,8000000,925762,101
Upstream Color,Drama,2013,6.7,32000,50000,587174,96
Parkland,Drama,2013,6.4,15000,10000000,1412181,93
Paranoia,Drama,2013,5.7,36000,35000000,17056265,106
The Past,Drama,2013,7.7,46000,11000000,12673462,130
The Fifth Estate,Biography,2013,6.2,40000,28000000,9058564,128
Bad Words,Comedy,2013,6.6,48000,10000000,7804337,89
Man of Tai Chi,Action,2013,6.1,36000,25000000,5464885,105
The East,Crime,2013,6.8,49000,6500000,2891812,116
The Lunchbox,Drama,2013,7.8,52000,1000000,11621777,104
Getaway,Action,2013,4.4,23000,18000000,11806432,90
Guardians of the Galaxy,Action,2014,8,1100000,170000000,773350147,121
Interstellar,Adventure,2014,8.6,1600000,165000000,701729206,169
John Wick,Action,2014,7.4,565000,20000000,86081711,101
Edge of Tomorrow,Action,2014,7.9,620000,178000000,370541256,113
Gone Girl,Drama,2014,8.1,893000,61000000,369330363,149
Captain America: The Winter Soldier,Action,2014,7.7,764000,170000000,714421503,136
The Grand Budapest Hotel,Adventure,2014,8.1,734000,25000000,172945750,99
Whiplash,Drama,2014,8.5,749000,3300000,49396747,106
Kingsman: The Secret Service,Action,2014,7.7,607000,81000000,414351546,129
Ex Machina,Drama,2014,7.7,493000,15000000,36869414,108
Divergent,Action,2014,6.6,435000,85000000,288885818,139
Nightcrawler,Crime,2014,7.8,486000,8500000,47398992,117
The Hobbit: The Battle of the Five Armies,Adventure,2014,7.4,487000,250000000,962182865,144
The Equalizer,Action,2014,7.2,344000,55000000,192330738,132
The Maze Runner,Action,2014,6.8,431000,34000000,348319861,113
Lucy,Action,2014,6.4,460000,40000000,458863600,89
Chef,Adventure,2014,7.3,202000,11000000,48428048,114
What We Do in the Shadows,Comedy,2014,7.7,164000,1600000,7253160,86
The Imitation Game,Biography,2014,8,707000,14000000,233555708,114
Fury,Action,2014,7.6,442000,68000000,211822697,134
X-Men: Days of Future Past,Action,2014,7.9,673000,200000000,746045700,132
Predestination,Action,2014,7.5,262000,5100000,4942449,97
The Purge: Anarchy,Action,2014,6.4,143000,9000000,111928365,103
Birdman or (The Unexpected Virtue of Ignorance),Comedy,2014,7.7,594000,18000000,103215094,119
It Follows,Horror,2014,6.8,217000,1000000,21947454,100
Blended,Comedy,2014,6.5,124000,40000000,127994610,117
Hercules,Action,2014,6,149000,100000000,244819862,98
The Judge,Crime,2014,7.4,183000,50000000,84419388,141
Annie,Comedy,2014,5.3,35000,65000000,136853506,118
Godzilla,Action,2014,6.4,394000,160000000,524976069,123
The Giver,Drama,2014,6.5,114000,25000000,66980456,97
300: Rise of an Empire,Action,2014,6.2,286000,110000000,337580051,102
American Sniper,Action,2014,7.3,451000,58800000,547426372,133
Big Hero 6,Animation,2014,7.8,423000,165000000,657869686,102
The Amazing Spider-Man 2,Action,2014,6.6,427000,200000000,708982323,142
Maleficent,Action,2014,7,353000,180000000,758411779,97
Into the Woods,Adventure,2014,5.9,135000,50000000,212902372,125
Unbroken,Action,2014,7.2,155000,65000000,161459297,137
The Lego Movie,Animation,2014,7.7,331000,60000000,468060692,100
The Hunger Games: Mockingjay - Part 1,Action,2014,6.6,424000,125000000,755356711,123
Tusk,Comedy,2014,5.3,48000,3000000,1882074,102
Night at the Museum: Secret of the Tomb,Adventure,2014,6.2,111000,127000000,363204635,98
The Fault in Our Stars,Drama,2014,7.7,352000,12000000,307166834,126
"As Above, So Below",Horror,2014,6.2,83000,5000000,41898409,93
Annabelle,Horror,2014,5.4,147000,6500000,257579282,99
Boyhood,Drama,2014,7.9,341000,4000000,48137666,165
The Theory of Everything,Biography,2014,7.7,417000,15000000,123726688,123
The Expendables 3,Action,2014,6.1,173000,80000000,214657577,126
The Interview,Action,2014,6.5,313000,44000000,11782625,112
The Drop,Crime,2014,7.1,146000,12600000,18658381,106
Transformers: Age of Extinction,Action,2014,5.6,302000,210000000,1104054072,165
Inherent Vice,Comedy,2014,6.7,97000,20000000,14710975,148
Neighbors,Comedy,2014,6.3,294000,18000000,270665134,97
The Babadook,Drama,2014,6.8,203000,2000000,10312540,94
Sex Tape,Comedy,2014,5.1,109000,40000000,126069509,94
The Other Woman,Comedy,2014,6,133000,40000000,196710396,109
Wild Tales,Comedy,2014,8.1,184000,3300000,30642704,122
Wild,Adventure,2014,7.1,123000,15000000,52501541,115
Foxcatcher,Biography,2014,7,137000,24000000,19206513,134
The Guest,Action,2014,6.7,95000,5000000,2700051,100
Teenage Mutant Ninja Turtles,Action,2014,5.8,203000,125000000,485004754,101
RoboCop,Action,2014,6.1,219000,100000000,242688965,117
22 Jump Street,Action,2014,7,354000,50000000,331333876,112
Dawn of the Planet of the Apes,Action,2014,7.6,419000,170000000,710644566,130
Sin City: A Dame to Kill for,Action,2014,6.5,155000,65000000,39407616,102
Brick Mansions,Action,2014,5.7,41000,28000000,71416730,90
Vampire Academy,Action,2014,5.5,53000,30000000,15642346,104
The Monuments Men,Comedy,2014,6.1,127000,70000000,156706638,118
Honeymoon,Drama,2014,5.7,25000,1000000,24343,87
Dumb and Dumber to,Comedy,2014,5.6,131000,40000000,169837010,109
How to Train Your Dragon 2,Animation,2014,7.8,313000,145000000,621537519,102
Noah,Action,2014,5.7,246000,125000000,359200044,138
A Walk Among the Tombstones,Action,2014,6.5,115000,28000000,58834384,114
Need for Speed,Action,2014,6.4,165000,66000000,203277636,132
Rio 2,Animation,2014,6.3,83000,103000000,498781117,101
Seventh Son,Action,2014,5.5,74000,95000000,114178613,102
Exodus: Gods and Kings,Action,2014,6,162000,140000000,268175631,150
A Million Ways to Die in the West,Comedy,2014,6.1,181000,40000000,87189756,116
Sabotage,Action,2014,5.7,61000,35000000,22126842,109
Paddington,Animation,2014,7.2,103000,55000000,282377683,95
Non-Stop,Action,2014,6.9,254000,50000000,222809600,106
The Best of Me,Drama,2014,6.7,68000,26000000,38609668,118
Horrible Bosses 2,Comedy,2014,6.3,162000,42000000,107645357,108
This Is Where I Leave You,Comedy,2014,6.6,75000,19800000,41296320,103
Into the Storm,Action,2014,5.8,66000,50000000,161502194,89
Penguins of Madagascar,Animation,2014,6.7,83000,132000000,373515621,92
Jack Ryan: Shadow Recruit,Action,2014,6.2,126000,60000000,135503748,105
The Book of Life,Animation,2014,7.3,66000,50000000,99783556,95
The November Man,Action,2014,6.3,65000,15000000,39661919,108
Dracula Untold,Action,2014,6.3,184000,70000000,217124280,92
Unfriended,Horror,2014,5.5,71000,1000000,62882090,83
I Origins,Drama,2014,7.4,119000,1000000,481234,106
Transcendence,Action,2014,6.2,220000,100000000,103039258,119
Endless Love,Drama,2014,6.3,42000,20000000,34718173,104
Before I Go to Sleep,Drama,2014,6.4,75000,22000000,17669776,92
The Good Lie,Biography,2014,7.4,28000,20000000,3396345,110
Deliver Us from Evil,Action,2014,6.2,73000,30000000,87937815,118
The Raid 2,Action,2014,8,117000,4500000,6566916,150
Taken 3,Action,2014,6,183000,48000000,326479141,108
Pompeii,Action,2014,5.5,108000,100000000,117831631,105
Ride Along,Action,2014,6.2,106000,25000000,154468902,99
That Awkward Moment,Comedy,2014,6.1,99000,8000000,45640143,94
The Homesman,Drama,2014,6.6,32000,16000000,3819421,122
"Men, Women & Children",Comedy,2014,6.7,31000,16000000,1705908,119
Let's Be Cops,Action,2014,6.4,129000,17000000,138224951,104
A Most Violent Year,Action,2014,7,68000,20000000,12007070,125
The Loft,Mystery,2014,6.3,53000,14000000,11020402,108
A Most Wanted Man,Crime,2014,6.8,74000,15000000,36233517,122
Clown,Horror,2014,5.7,23000,1500000,4381603,100
The Signal,Drama,2014,6.1,64000,4000000,2595622,97
The Hundred-Foot Journey,Comedy,2014,7.3,79000,22000000,89514453,122
Beyond the Lights,Drama,2014,6.9,16000,7000000,14618727,116
Maps to the Stars,Comedy,2014,6.2,39000,15000000,4510934,111
If I Stay,Drama,2014,6.7,118000,11000000,78274843,107
Still Alice,Drama,2014,7.5,129000,5000000,44779195,101
3 Days to Kill,Action,2014,6.2,90000,28000000,53260230,117
Love & Mercy,Biography,2014,7.4,37000,10000000,28641776,121
Big Eyes,Biography,2014,7,88000,10000000,29253166,106
Addicted,Drama,2014,5.1,10000,5000000,17534314,106
The Water Diviner,Drama,2014,7,73000,22500000,38176317,111
Selma,Biography,2014,7.5,88000,20000000,66787908,128
Veronica Mars,Crime,2014,6.8,51000,6000000,3485383,107
Million Dollar Arm,Biography,2014,7,44000,25000000,38483455,124
The One I Love,Comedy,2014,7.1,37000,100000,596933,91
Jersey Boys,Biography,2014,6.8,33000,40000000,67647013,134
Draft Day,Drama,2014,6.8,56000,25000000,29824199,110
And So It Goes,Comedy,2014,5.8,13000,18000000,25419147,94
A Haunted House 2,Comedy,2014,4.7,20000,4000000,25358716,86
The Gambler,Crime,2014,6.1,68000,25000000,39280992,111
Cake,Drama,2014,6.4,36000,7000000,2433850,102
"I, Frankenstein",Action,2014,5.1,79000,65000000,76801179,92
Muppets Most Wanted,Adventure,2014,6.4,33000,50000000,80383113,107
Pawn Sacrifice,Biography,2014,7,42000,19000000,5578519,115
Left Behind,Action,2014,3.1,38000,16000000,27405896,110
"Alexander and the Terrible, Horrible, No Good, Very Bad Day",Comedy,2014,6.2,42000,28000000,100654149,81
St. Vincent,Comedy,2014,7.2,98000,13000000,54837234,102
The Legend of Hercules,Action,2014,4.2,53000,70000000,61279452,99
Step Up All in,Drama,2014,6,33000,45000000,86165646,112
God's Not Dead,Drama,2014,4.7,41000,2000000,64676349,113
Winter's Tale,Drama,2014,6.2,53000,60000000,30800231,118
Mr. Peabody & Sherman,Animation,2014,6.8,65000,145000000,275698039,92
Tammy,Comedy,2014,4.9,49000,20000000,100375432,97
A Long Way Down,Comedy,2014,6.4,32000,12000000,7257942,96
The Rover,Action,2014,6.4,46000,12000000,2510007,103
Lost River,Drama,2014,5.7,17000,2000000,615500,95
Magic in the Moonlight,Comedy,2014,6.5,66000,16800000,51029361,97
The Quiet Ones,Horror,2014,5.1,20000,200000,17835162,98
Barefoot,Comedy,2014,6.6,24000,6000000,15071,90
No Good Deed,Thriller,2014,5.6,20000,13200000,54323210,84
Serena,Drama,2014,5.4,28000,30000000,5092129,109
The Duke of Burgundy,Drama,2014,6.5,12000,1000000,185147,104
Wish I Was Here,Comedy,2014,6.7,37000,6000000,5670776,106
Get on Up,Biography,2014,6.9,23000,30000000,33448971,139
Suffragette,Drama,2014,6.9,40000,14000000,31972096,106
Ouija,Horror,2014,4.5,50000,5000000,103687316,89
Heaven Is for Real,Biography,2014,5.8,26000,12000000,101982712,99
While We're Young,Comedy,2014,6.3,48000,10000000,18117839,97
Think Like a Man Too,Comedy,2014,5.8,20000,24000000,70181428,106
Planes: Fire & Rescue,Animation,2014,6,17000,50000000,146965787,83
Top Five,Comedy,2014,6.4,26000,12000000,26117471,102
99 Homes,Drama,2014,7.1,32000,8000000,1828232,112
Black or White,Drama,2014,6.6,12000,9000000,21833967,121
Laggies,Comedy,2014,6.4,43000,5000000,2379154,99
Mad Max: Fury Road,Action,2015,8.1,912000,150000000,375658750,120
Avengers: Age of Ultron,Action,2015,7.3,777000,250000000,1402809540,141
Crimson Peak,Drama,2015,6.5,136000,55000000,74679822,119
Furious 7,Action,2015,7.1,370000,190000000,1515341399,137
The Hateful Eight,Crime,2015,7.8,539000,44000000,156480177,168
Ant-Man,Action,2015,7.3,595000,130000000,519311965,117
Fifty Shades of Grey,Drama,2015,4.1,304000,40000000,569651467,125
Sicario,Action,2015,7.6,386000,30000000,84872444,121
The Witch,Drama,2015,6.9,218000,4000000,40423945,92
The Big Short,Biography,2015,7.8,381000,28000000,133440870,130
Jurassic World,Action,2015,7,593000,150000000,1670516444,124
The Revenant,Action,2015,8,729000,135000000,532950503,156
The Martian,Adventure,2015,8,783000,108000000,630162448,144
Room,Drama,2015,8.1,386000,13000000,35401758,118
Inside Out,Animation,2015,8.1,641000,175000000,858848019,95
Spotlight,Biography,2015,8.1,435000,20000000,98690254,129
American Ultra,Action,2015,6.1,87000,28000000,27262374,96
The Man from U.N.C.L.E.,Action,2015,7.3,286000,75000000,107045109,116
Terminator Genisys,Action,2015,6.3,264000,155000000,440603537,126
Cinderella,Drama,2015,6.9,165000,95000000,542358331,105
Star Wars: Episode VII - The Force Awakens,Action,2015,7.8,876000,245000000,2069521700,138
Spectre,Action,2015,6.8,393000,245000000,880681519,148
Legend,Biography,2015,6.9,164000,30000000,42972994,132
Chappie,Action,2015,6.8,235000,49000000,102811889,120
Knock Knock,Drama,2015,4.9,87000,2500000,5567103,99
In the Heart of the Sea,Action,2015,6.9,128000,100000000,93920758,122
The Bronze,Comedy,2015,6.1,11000,3500000,615816,100
The Intern,Comedy,2015,7.1,231000,35000000,194564672,121
The Hunger Games: Mockingjay - Part 2,Action,2015,6.6,297000,160000000,658344137,137
Everest,Action,2015,7.1,205000,55000000,203427584,121
Blackhat,Action,2015,5.4,56000,70000000,19652057,133
Spy,Action,2015,7,234000,65000000,235666219,120
Fantastic Four,Action,2015,4.2,156000,120000000,167882881,100
Mission: Impossible - Rogue Nation,Action,2015,7.4,350000,150000000,682716636,131
The Visit,Horror,2015,6.2,119000,5000000,98450062,94
Vacation,Adventure,2015,6.1,103000,31000000,107228221,99
Creed,Drama,2015,7.6,254000,35000000,173567581,133
The Age of Adaline,Drama,2015,7.2,160000,25000000,65663276,112
Black Mass,Biography,2015,6.9,171000,53000000,99775678,123
Focus,Comedy,2015,6.6,226000,50100000,158762963,105
Home,Animation,2015,6.6,95000,135000000,386041607,94
Jupiter Ascending,Action,2015,5.3,182000,176000000,183887723,127
I Saw the Light,Biography,2015,5.8,6700,13000000,1767963,123
Minions,Animation,2015,6.4,218000,74000000,1159444662,91
Pitch Perfect 2,Comedy,2015,6.4,146000,29000000,287144079,115
San Andreas,Action,2015,6.1,219000,110000000,473990832,114
Trainwreck,Comedy,2015,6.2,132000,35000000,140795793,125
Tomorrowland,Action,2015,6.4,175000,190000000,209035668,130
Bridge of Spies,Drama,2015,7.6,295000,40000000,165478348,142
The Danish Girl,Biography,2015,7.1,170000,15000000,64191523,119
The Divergent Series: Insurgent,Action,2015,6.2,223000,110000000,297002527,119
Straight Outta Compton,Biography,2015,7.8,185000,28000000,201634991,147
Carol,Drama,2015,7.2,120000,11800000,40272135,118
No Escape,Action,2015,6.8,81000,16200000,54418872,103
The Boy Next Door,Thriller,2015,4.7,40000,4000000,52425855,91
Southpaw,Action,2015,7.4,223000,30000000,91970827,124
Maze Runner: The Scorch Trials,Action,2015,6.3,230000,61000000,312296056,131
The Last Witch Hunter,Action,2015,6,98000,90000000,146936910,106
Green Room,Horror,2015,7,112000,5000000,3769214,95
Burnt,Comedy,2015,6.6,110000,20000000,36606743,101
The Good Dinosaur,Animation,2015,6.7,106000,200000000,332207671,93
The Gift,Drama,2015,7,145000,5000000,58980521,108
Point Break,Action,2015,5.3,60000,105000000,133718711,114
Get Hard,Comedy,2015,6,127000,40000000,111711453,100
Hitman: Agent 47,Action,2015,5.7,87000,35000000,82347656,96
Entourage,Comedy,2015,6.6,77000,30000000,49263404,104
Steve Jobs,Biography,2015,7.2,160000,30000000,34441873,122
Scouts Guide to the Zombie Apocalypse,Action,2015,6.3,47000,15000000,16137046,93
Hardcore Henry,Action,2015,6.7,90000,2000000,16810562,96
Joy,Biography,2015,6.6,131000,60000000,101134059,124
Masterminds,Biography,2015,5.8,52000,25000000,29674699,95
Brooklyn,Drama,2015,7.5,135000,11000000,62402155,117
Self/less,Action,2015,6.5,93000,26000000,31807156,117
Ted 2,Comedy,2015,6.3,191000,68000000,215863606,115
Pan,Adventure,2015,5.7,62000,150000000,128388320,111
Pixels,Action,2015,5.5,135000,88000000,244874809,105
Demolition,Comedy,2015,7,93000,10000000,4366460,101
Macbeth,Drama,2015,6.6,54000,15000000,16322067,113
Daddy's Home,Comedy,2015,6.2,112000,50000000,242786137,96
Run All Night,Action,2015,6.6,105000,50000000,71561644,114
Mr. Right,Action,2015,6.4,52000,8000000,607595,95
Magic Mike XXL,Comedy,2015,5.6,53000,14800000,117813057,115
The DUFF,Comedy,2015,6.5,87000,8500000,43709744,101
Trumbo,Biography,2015,7.5,78000,15000000,11430025,124
Hotel Transylvania 2,Animation,2015,6.7,113000,80000000,474800000,89
The Longest Ride,Drama,2015,7.1,79000,34000000,62944815,123
Victor Frankenstein,Drama,2015,6,54000,65000000,34227298,110
Insidious: Chapter 3,Horror,2015,6.1,97000,10000000,112983889,97
Goosebumps,Adventure,2015,6.3,83000,58000000,158261424,103
Aloha,Comedy,2015,5.4,64000,37000000,26250020,105
Baahubali: The Beginning,Action,2015,8,107000,18026148,24548038,159
The Wedding Ringer,Comedy,2015,6.6,72000,23000000,79799880,101
Sisters,Comedy,2015,6,64000,30000000,105011053,118
Secret in Their Eyes,Crime,2015,6.3,46000,19500000,34854990,111
Irrational Man,Comedy,2015,6.6,60000,11000000,27391084,95
Wild Card,Action,2015,5.6,53000,30000000,6738764,92
Paper Towns,Adventure,2015,6.2,98000,12000000,85512300,109
The Lady in the Van,Biography,2015,6.7,27000,6000000,41387687,104
The SpongeBob Movie: Sponge Out of Water,Animation,2015,6,51000,74000000,325186032,92
Child 44,Crime,2015,6.5,68000,50000000,12951093,137
Beasts of No Nation,Drama,2015,7.7,76000,6000000,90777,137
Me and Earl and the Dying Girl,Comedy,2015,7.7,126000,8000000,9074749,105
Concussion,Biography,2015,7.1,89000,35000000,48623572,123
The Diary of a Teenage Girl,Comedy,2015,6.9,30000,2000000,1775133,102
The Walk,Action,2015,7.3,123000,35000000,61181942,123
Tangerine,Comedy,2015,7.1,28000,100000,828874,88
A Walk in the Woods,Adventure,2015,6.4,26000,8000000,37461274,104
Sinister 2,Horror,2015,5.3,50000,10000000,53329150,97
Anomalisa,Animation,2015,7.3,68000,8000000,5659286,90
Mississippi Grind,Comedy,2015,6.4,22000,6000000,422746,108
Woman in Gold,Biography,2015,7.3,56000,11000000,61619773,109
Eddie the Eagle,Biography,2015,7.4,88000,23000000,46152800,106
Eye in the Sky,Action,2015,7.3,81000,13000000,35259653,102
The Second Best Exotic Marigold Hotel,Comedy,2015,6.6,32000,10000000,85978292,122
Poltergeist,Horror,2015,4.9,56000,35000000,95437994,93
The Meddler,Comedy,2015,6.3,12000,3200000,5425148,103
We Are Your Friends,Drama,2015,6.2,37000,2000000,11122090,96
Grandma,Comedy,2015,6.7,15000,600000,7205073,79
By the Sea,Drama,2015,5.3,19000,10000000,3334927,122
Mortdecai,Action,2015,5.5,69000,60000000,47275717,107
Project Almanac,Drama,2015,6.4,77000,12000000,33213241,106
The Man Who Knew Infinity,Biography,2015,7.2,53000,10000000,12252684,108
Z for Zachariah,Drama,2015,6,29000,7500000,381839,98
Equals,Drama,2015,6.1,29000,16000000,2084628,101
Dope,Adventure,2015,7.2,82000,7000000,17986781,103
Hot Pursuit,Action,2015,5.2,49000,35000000,51380201,87
Krampus,Comedy,2015,6.2,66000,15000000,61548707,98
The Gunman,Action,2015,5.8,40000,40000000,24177137,115
The Night Before,Comedy,2015,6.4,68000,25000000,52395996,101
90 Minutes in Heaven,Drama,2015,4.8,3500,5000000,4842699,121
Ip Man 3,Action,2015,7.1,51000,36000000,157029618,105
"McFarland, USA",Biography,2015,7.4,36000,17000000,45710059,129
The Peanuts Movie,Animation,2015,7.1,43000,99000000,246233113,88
Rock the Kasbah,Comedy,2015,5.5,11000,15000000,3394174,106
The Sea of Trees,Drama,2015,6.1,15000,25000000,906995,110
Alvin and the Chipmunks: The Road Chip,Animation,2015,5,18000,90000000,234798636,92
The Lazarus Effect,Horror,2015,5.2,42000,3300000,38356892,83
Love the Coopers,Comedy,2015,5.8,22000,17000000,42426912,107
The 33,Biography,2015,6.9,37000,26000000,27972023,127
The Little Prince,Animation,2015,7.7,58000,81200000,97571250,108
Louder Than Bombs,Drama,2015,6.6,12000,11000000,1160724,109
The Gallows,Horror,2015,4.3,20000,100000,42964410,81
Slow West,Action,2015,6.9,44000,2000000,1295574,84
Cop Car,Crime,2015,6.3,31000,800000,143658,88
Jem and the Holograms,Adventure,2015,4.2,7500,5000000,2333684,118
Captive,Action,2015,5.4,6500,2000000,2801508,97
Our Brand Is Crisis,Comedy,2015,6.1,21000,28000000,8527658,107
Unfinished Business,Comedy,2015,5.4,33000,35000000,14431253,91
Hot Tub Time Machine 2,Comedy,2015,5.1,38000,14000000,13081651,93
"Hello, My Name Is Doris",Comedy,2015,6.6,19000,1000000,14659448,90
Ricki and the Flash,Comedy,2015,5.9,23000,18000000,41325328,101
Danny Collins,Biography,2015,7,30000,10000000,10835752,106
Mr. Holmes,Drama,2015,6.9,62000,11000000,29355203,104
Paul Blart: Mall Cop 2,Action,2015,4.4,35000,30000000,107588225,94
War Room,Drama,2015,6.5,14000,3000000,73256266,120
Dragon Blade,Action,2015,6,19000,65000000,122606884,127
Mother's Day,Comedy,2016,5.7,35000,25000000,48782670,118
Suicide Squad,Action,2016,5.9,625000,175000000,746846894,123
The Magnificent Seven,Action,2016,6.9,191000,90000000,162360636,132
Captain America: Civil War,Action,2016,7.8,694000,250000000,1153337496,147
Warcraft,Action,2016,6.8,249000,160000000,439048914,123
Deadpool,Action,2016,8,932000,58000000,782836791,108
Doctor Strange,Action,2016,7.5,628000,165000000,677796076,115
Split,Horror,2016,7.3,446000,9000000,278454417,117
Me Before You,Drama,2016,7.4,220000,20000000,208314186,106
Don't Breathe,Crime,2016,7.1,235000,9900000,157830487,88
Moana,Animation,2016,7.6,289000,150000000,644411850,107
Arrival,Drama,2016,7.9,621000,47000000,203388186,116
X-Men: Apocalypse,Action,2016,6.9,404000,178000000,543934105,144
Captain Fantastic,Comedy,2016,7.9,201000,5000000,23123592,118
Star Trek Beyond,Action,2016,7,234000,185000000,343471816,122
Sing,Animation,2016,7.1,140000,75000000,634208384,108
La La Land,Comedy,2016,8,527000,30000000,448906865,128
The Conjuring 2,Horror,2016,7.3,242000,40000000,321788219,134
Passengers,Drama,2016,7,364000,110000000,303144152,116
Zootopia,Animation,2016,8,450000,150000000,1024121104,108
The Huntsman: Winter's War,Action,2016,6.1,101000,115000000,164989338,114
Hacksaw Ridge,Biography,2016,8.1,457000,40000000,180563636,139
13 Hours,Action,2016,7.3,126000,50000000,69411370,144
Nocturnal Animals,Drama,2016,7.5,248000,22500000,30311857,116
Rogue One: A Star Wars Story,Action,2016,7.8,572000,200000000,1056057720,133
Batman v Superman: Dawn of Justice,Action,2016,6.4,655000,250000000,873637528,152
Kung Fu Panda 3,Animation,2016,7.1,141000,145000000,521170825,95
The Nice Guys,Action,2016,7.4,294000,50000000,62788218,116
Independence Day: Resurgence,Action,2016,5.2,171000,165000000,389681935,120
Miss Peregrine's Home for Peculiar Children,Adventure,2016,6.7,160000,110000000,296482446,127
Fantastic Beasts and Where to Find Them,Adventure,2016,7.3,422000,180000000,814044001,132
Resident Evil: The Final Chapter,Action,2016,5.5,87000,40000000,312242626,107
Criminal,Action,2016,6.3,62000,31500000,38803993,113
Underworld: Blood Wars,Action,2016,5.8,72000,35000000,81093313,91
The Shallows,Action,2016,6.3,124000,17000000,119100758,86
Hidden Figures,Biography,2016,7.8,209000,25000000,236225193,127
Sausage Party,Animation,2016,6.1,181000,19000000,140705322,89
The Girl on the Train,Crime,2016,6.5,176000,45000000,173185859,112
Hell or High Water,Action,2016,7.6,211000,12000000,37879877,102
The Purge: Election Year,Action,2016,6,93000,10000000,118587880,108
Ghostbusters,Action,2016,6.7,209000,144000000,229147509,117
The Accountant,Action,2016,7.3,271000,44000000,155160045,128
The Neon Demon,Horror,2016,6.2,87000,7000000,3377430,117
Moonlight,Drama,2016,7.4,284000,4000000,65336603,111
Jason Bourne,Action,2016,6.6,213000,120000000,415484914,123
Manchester by the Sea,Drama,2016,7.8,257000,9000000,78988148,137
Central Intelligence,Action,2016,6.3,166000,50000000,216972543,107
War Dogs,Biography,2016,7.1,188000,40000000,86234523,114
The Legend of Tarzan,Action,2016,6.2,168000,180000000,356700357,110
Silence,Drama,2016,7.2,104000,46000000,23834809,161
Gods of Egypt,Action,2016,5.4,110000,140000000,150680864,127
The Founder,Biography,2016,7.2,134000,25000000,24121245,115
Inferno,Action,2016,6.2,165000,75000000,220021259,121
Now You See Me 2,Action,2016,6.5,260000,90000000,334897606,129
Miss Sloane,Drama,2016,7.5,68000,13000000,9101546,132
The Jungle Book,Adventure,2016,7.4,264000,175000000,966554929,106
10 Cloverfield Lane,Action,2016,7.2,300000,15000000,110216998,103
The Lost City of Z,Biography,2016,6.6,83000,30000000,19263938,141
Finding Dory,Animation,2016,7.3,250000,200000000,1028570942,97
Lion,Biography,2016,8,221000,12000000,140853810,118
Lights Out,Drama,2016,6.3,119000,4900000,148868835,81
Meet the Blacks,Comedy,2016,4.8,36000,900000,9097072,94
Allied,Action,2016,7.1,146000,85000000,119520023,124
Jack Reacher: Never Go Back,Action,2016,6.1,144000,60000000,162146076,118
Bridget Jones's Baby,Comedy,2016,6.5,71000,35000000,211952420,123
How to Be Single,Comedy,2016,6.1,83000,38000000,112343513,110
Snowden,Biography,2016,7.3,143000,40000000,37357216,134
The Bad Batch,Action,2016,5.3,28000,6000000,201890,118
Triple 9,Action,2016,6.3,69000,20000000,23177948,115
Deepwater Horizon,Action,2016,7.1,157000,110000000,121790373,107
Sully,Biography,2016,7.4,248000,60000000,240797623,96
Morgan,Action,2016,5.8,41000,8000000,8809407,92
Pride and Prejudice and Zombies,Action,2016,5.8,53000,28000000,16457494,108
The Infiltrator,Biography,2016,7,71000,28000000,21011110,127
The Edge of Seventeen,Comedy,2016,7.3,110000,9000000,19370020,104
A Cure for Wellness,Drama,2016,6.4,90000,40000000,26620002,146
London Has Fallen,Action,2016,5.9,149000,60000000,205754447,99
Dirty Grandpa,Comedy,2016,5.9,117000,25000000,94073028,102
"Hail, Caesar!",Comedy,2016,6.3,127000,22000000,63945241,106
The 5th Wave,Action,2016,5.2,103000,38000000,109906372,112
Trolls,Animation,2016,6.5,75000,125000000,346864886,92
Allegiant,Action,2016,5.7,113000,110000000,179246868,120
Paterson,Comedy,2016,7.4,74000,5000000,9588282,118
Swiss Army Man,Comedy,2016,7,109000,3000000,4935501,97
The Great Wall,Action,2016,5.9,128000,150000000,334933831,103
Mike and Dave Need Wedding Dates,Comedy,2016,6,85000,33000000,77068246,98
Bad Moms,Comedy,2016,6.2,117000,20000000,183936074,100
Collateral Beauty,Drama,2016,6.8,95000,36000000,88528280,97
The Boy,Horror,2016,6,84000,10000000,73929392,97
Fences,Drama,2016,7.2,101000,24000000,64414761,139
Alice Through the Looking Glass,Adventure,2016,6.2,98000,170000000,299820798,113
The Brothers Grimsby,Action,2016,6.2,96000,35000000,27979040,83
Ice Age: Collision Course,Animation,2016,5.7,60000,105000000,408754975,94
Patriots Day,Action,2016,7.4,96000,45000000,52185751,133
Keeping Up with the Joneses,Action,2016,5.9,60000,40000000,29918745,105
The Secret Life of Pets,Animation,2016,6.5,188000,75000000,875458631,87
Popstar: Never Stop Never Stopping,Comedy,2016,6.7,57000,20000000,9680029,87
20th Century Women,Comedy,2016,7.3,42000,7000000,7214806,119
Assassin's Creed,Action,2016,5.7,190000,125000000,240697856,115
Teenage Mutant Ninja Turtles: Out of the Shadows,Action,2016,6,87000,135000000,245623848,112
Everybody Wants Some!!,Comedy,2016,6.9,53000,10000000,4644472,117
The Take,Action,2016,6.3,40000,20000000,14857808,92
The Finest Hours,Action,2016,6.8,63000,80000000,52099090,117
Greater,Biography,2016,7.3,5300,9000000,2000620,130
The Belko Experiment,Horror,2016,6.1,46000,5000000,11084630,89
The BFG,Adventure,2016,6.4,80000,140000000,195243411,117
Zoolander 2,Action,2016,4.7,66000,50000000,56722693,101
Midnight Special,Drama,2016,6.6,77000,18000000,6740647,112
The Angry Birds Movie,Animation,2016,6.3,84000,73000000,352333929,97
Live by Night,Action,2016,6.4,54000,108000000,22678555,129
Nerve,Action,2016,6.5,120000,19000000,85251425,96
Mechanic: Resurrection,Action,2016,5.7,79000,40000000,125729635,98
The Light Between Oceans,Drama,2016,7.2,54000,20000000,25975621,133
Why Him?,Comedy,2016,6.2,104000,38000000,118102725,111
Miracles from Heaven,Biography,2016,7.1,23000,13000000,73983003,109
Colossal,Comedy,2016,6.2,61000,15000000,4531320,109
Neighbors 2: Sorority Rising,Comedy,2016,5.7,116000,35000000,108007109,92
Ben-Hur,Action,2016,5.7,43000,100000000,94061311,123
Free State of Jones,Action,2016,6.9,55000,50000000,25035950,139
Jackie,Biography,2016,6.7,75000,9000000,29777777,100
Gold,Crime,2016,6.7,60000,20000000,14880939,120
Pete's Dragon,Action,2016,6.7,55000,65000000,143695338,102
31,Horror,2016,5.1,19000,1500000,850419,102
Keanu,Action,2016,6.3,47000,15000000,20651333,100
Storks,Animation,2016,6.8,58000,70000000,183388953,87
A Monster Calls,Adventure,2016,7.5,83000,43000000,47309313,108
Kubo and the Two Strings,Animation,2016,7.8,121000,60000000,76249438,101
Caf√© Society,Comedy,2016,6.6,73000,30000000,43763247,96
Blair Witch,Horror,2016,5,43000,5000000,45173154,89
Ratchet & Clank,Animation,2016,5.6,10000,20000000,13385737,94
Risen,Action,2016,6.3,26000,20000000,46771565,107
Rules Don't Apply,Comedy,2016,5.7,10000,25000000,3885342,127
Office Christmas Party,Comedy,2016,5.9,72000,45000000,114501299,105
Florence Foster Jenkins,Biography,2016,6.8,52000,29000000,49052787,111
Batman: The Killing Joke,Animation,2016,6.4,52000,3500000,4462034,76
Leap!,Animation,2016,6.8,21000,30000000,106127278,89
A Hologram for the King,Comedy,2016,6.1,42000,30000000,9169507,98
Ouija: Origin of Evil,Drama,2016,6.1,56000,9000000,81705746,99
All I See Is You,Drama,2016,5.4,11000,30000000,678150,109
The Forest,Horror,2016,4.8,41000,10000000,39712000,93
Money Monster,Crime,2016,6.5,96000,27000000,93282604,98
Monster Trucks,Animation,2016,5.7,16000,125000000,64493915,104
The Hollars,Comedy,2016,6.6,12000,3800000,1138609,88
Fifty Shades of Black,Comedy,2016,3.5,20000,5000000,22227514,92
My Big Fat Greek Wedding 2,Comedy,2016,6,29000,18000000,90632641,94
Billy Lynn's Long Halftime Walk,Action,2016,6.2,22000,40000000,30930984,113
Personal Shopper,Drama,2016,6.1,37000,6000000,2840408,105
Love & Friendship,Comedy,2016,6.4,24000,3000000,21401949,90
Bleed for This,Biography,2016,6.8,26000,6000000,6698679,117
Whiskey Tango Foxtrot,Biography,2016,6.6,51000,35000000,24972139,112
Loving,Biography,2016,7,33000,9000000,12957265,123
Mr. Church,Comedy,2016,7.7,27000,8000000,685780,104
Hands of Stone,Biography,2016,6.6,16000,20000000,4978353,111
Denial,Biography,2016,6.7,20000,10000000,7994527,109
Ride Along 2,Action,2016,5.9,55000,40000000,124608438,102
Rock Dog,Animation,2016,6,4900,60000000,23157646,90
Race,Biography,2016,7.1,36000,35000000,25070261,134
A United Kingdom,Biography,2016,6.9,15000,14000000,14459330,111
Incarnate,Horror,2016,5.3,12000,5000000,9037058,87
Thor: Ragnarok,Action,2017,7.9,628000,180000000,853983911,130
Darkest Hour,Biography,2017,7.4,179000,30000000,150847274,125
The Hitman's Bodyguard,Action,2017,6.9,203000,30000000,176600207,118
It,Horror,2017,7.3,478000,35000000,701796444,135
Spider-Man: Homecoming,Action,2017,7.4,540000,175000000,880166924,133
Blade Runner 2049,Action,2017,8,486000,150000000,259334548,164
Guardians of the Galaxy Vol. 2,Action,2017,7.6,596000,200000000,863756051,136
The Greatest Showman,Biography,2017,7.6,251000,84000000,438006904,105
Jumanji: Welcome to the Jungle,Action,2017,6.9,336000,90000000,962542945,119
Baywatch,Action,2017,5.5,170000,69000000,177856751,116
Home Again,Comedy,2017,5.8,30000,12000000,37270721,97
The Fate of the Furious,Action,2017,6.6,214000,250000000,1236005118,136
Get Out,Horror,2017,7.7,517000,4500000,255589157,104
Dunkirk,Action,2017,7.8,582000,100000000,527016307,106
Coco,Animation,2017,8.4,417000,175000000,807817888,105
Baby Driver,Action,2017,7.6,466000,34000000,226945087,113
The Boss Baby,Animation,2017,6.3,114000,125000000,527965936,97
Logan,Action,2017,8.1,674000,97000000,619179950,137
Wonder Woman,Action,2017,7.4,600000,149000000,822824522,141
Alien: Covenant,Horror,2017,6.4,261000,97000000,240891763,122
John Wick: Chapter 2,Action,2017,7.5,385000,40000000,171547802,122
Wonder,Drama,2017,8,150000,20000000,306209289,113
Justice League,Action,2017,6.1,418000,300000000,657926987,120
Mother!,Drama,2017,6.6,200000,30000000,44516999,121
Pirates of the Caribbean: Dead Men Tell No Tales,Action,2017,6.5,275000,230000000,794881442,129
The Shape of Water,Adventure,2017,7.3,386000,19400000,195333312,123
Disobedience,Drama,2017,6.6,27000,6000000,8003180,114
Kong: Skull Island,Action,2017,6.6,293000,185000000,566652812,118
Beauty and the Beast,Family,2017,7.1,283000,160000000,1264434525,129
Kingsman: The Golden Circle,Action,2017,6.7,286000,104000000,410902662,141
"Three Billboards Outside Ebbing, Missouri",Comedy,2017,8.1,456000,15000000,160192267,115
Star Wars: Episode VIII - The Last Jedi,Action,2017,7,581000,317000000,1332698830,152
"I, Tonya",Biography,2017,7.5,193000,11000000,53939297,119
Atomic Blonde,Action,2017,6.7,182000,30000000,100014025,115
Wind River,Crime,2017,7.7,217000,11000000,43980821,107
Murder on the Orient Express,Crime,2017,6.5,221000,55000000,352794081,114
King Arthur: Legend of the Sword,Action,2017,6.7,200000,175000000,148675066,126
Lady Bird,Comedy,2017,7.4,254000,10000000,78966486,94
Logan Lucky,Comedy,2017,7,137000,29000000,48453605,118
Fifty Shades Darker,Drama,2017,4.6,95000,55000000,381545846,118
Happy Death Day,Comedy,2017,6.6,124000,4800000,125479266,96
Transformers: The Last Knight,Action,2017,5.2,140000,217000000,605425157,154
Good Time,Crime,2017,7.4,100000,4500000,3283369,102
Ghost in the Shell,Action,2017,6.3,202000,110000000,169846945,107
Molly's Game,Biography,2017,7.4,153000,30000000,59284015,140
Hostiles,Drama,2017,7.2,76000,39000000,35669017,134
Valerian and the City of a Thousand Planets,Action,2017,6.5,168000,177200000,225973340,136
The Dark Tower,Action,2017,5.6,131000,60000000,113231078,95
Pitch Perfect 3,Comedy,2017,5.8,58000,45000000,185400345,93
American Assassin,Action,2017,6.2,75000,33000000,67234188,111
The Florida Project,Drama,2017,7.6,101000,2000000,10971298,111
Life,Horror,2017,6.6,213000,58000000,100541806,104
The Death of Stalin,Comedy,2017,7.2,92000,13000000,24646055,107
Gifted,Drama,2017,7.6,105000,7000000,43069254,101
Phantom Thread,Drama,2017,7.5,118000,35000000,47756590,130
The Upside,Comedy,2017,7,49000,37500000,125856180,126
Annabelle: Creation,Horror,2017,6.5,120000,15000000,306515884,109
American Made,Action,2017,7.2,165000,50000000,134866593,115
War for the Planet of the Apes,Action,2017,7.4,235000,150000000,490719763,140
Geostorm,Action,2017,5.3,99000,120000000,221600160,109
The Circle,Drama,2017,5.3,87000,18000000,40656399,110
Cars 3,Animation,2017,6.7,82000,175000000,383930656,102
Rough Night,Comedy,2017,5.2,49000,20000000,47347283,101
xXx: Return of Xander Cage,Action,2017,5.2,88000,85000000,346118277,107
The Mummy,Action,2017,5.4,177000,125000000,409231607,110
CHIPS,Action,2017,6,44000,25000000,26800152,100
Ferdinand,Animation,2017,6.7,51000,111000000,296069199,108
Only the Brave,Action,2017,7.6,62000,38000000,26351322,134
The Beguiled,Drama,2017,6.3,54000,10500000,27869129,93
The Glass Castle,Biography,2017,7.1,31000,9000000,22088533,127
The Lego Batman Movie,Animation,2017,7.3,135000,80000000,311950384,104
The Big Sick,Comedy,2017,7.5,126000,5000000,56411585,120
Thoroughbreds,Comedy,2017,6.7,38000,6000000,3187255,92
The Foreigner,Action,2017,7,106000,35000000,145418070,113
Jigsaw,Crime,2017,5.8,73000,10000000,102952888,92
The Snowman,Crime,2017,5.1,60000,35000000,43155261,119
The Disaster Artist,Biography,2017,7.4,143000,10000000,29820616,104
47 Meters Down,Adventure,2017,5.7,51000,5300000,62198461,89
The Post,Drama,2017,7.2,141000,50000000,180419231,116
"Everything, Everything",Drama,2017,6.4,35000,10000000,61621140,96
A Ghost Story,Drama,2017,6.9,64000,100000,1951683,92
Power Rangers,Action,2017,5.9,104000,100000000,142337240,124
All the Money in the World,Biography,2017,6.8,79000,50000000,56996304,132
Suburbicon,Comedy,2017,5.7,42000,25000000,12751667,105
It Comes at Night,Horror,2017,6.2,87000,5000000,19735344,91
Despicable Me 3,Animation,2017,6.3,119000,80000000,1034800131,89
Going in Style,Comedy,2017,6.6,79000,25000000,84918541,96
Downsizing,Drama,2017,5.7,102000,68000000,55003890,135
Before I Fall,Drama,2017,6.5,48000,5000000,16373843,98
Wonder Wheel,Drama,2017,6.2,27000,25000000,15889124,101
The Emoji Movie,Animation,2017,3.3,58000,50000000,217776646,86
Unforgettable,Drama,2017,5.1,15000,12000000,17768012,100
Paddington 2,Animation,2017,7.8,66000,40000000,227978645,103
Girls Trip,Adventure,2017,6.2,35000,19000000,140552359,122
The Space Between Us,Drama,2017,6.4,50000,30000000,16080475,120
The Mountain Between Us,Action,2017,6.4,70000,35000000,62832209,112
T2 Trainspotting,Drama,2017,7.2,117000,18000000,41681746,117
The Hero,Drama,2017,6.5,8600,1200000,4101699,96
Battle of the Sexes,Biography,2017,6.7,52000,25000000,18598607,121
The Book of Henry,Crime,2017,6.6,25000,10000000,4596705,105
Daddy's Home 2,Comedy,2017,6,65000,69000000,180613824,100
A Dog's Purpose,Adventure,2017,7.2,68000,22000000,205035819,100
The Shack,Drama,2017,6.3,32000,20000000,96942115,132
Flatliners,Drama,2017,5.2,44000,19000000,45158254,109
Rings,Drama,2017,4.5,39000,25000000,83080890,102
The Lego Ninjago Movie,Animation,2017,6,24000,70000000,123081555,101
The House,Comedy,2017,5.6,42000,40000000,34184504,88
The Zookeeper's Wife,Biography,2017,7,41000,20000000,26152835,127
Detroit,Crime,2017,7.3,50000,34000000,23355100,143
All Eyez on Me,Biography,2017,5.9,22000,40000000,55668698,139
Sleepless,Action,2017,5.6,31000,30000000,32917353,95
Tulip Fever,Drama,2017,6.2,19000,25000000,9204549,105
Stronger,Biography,2017,6.9,42000,30000000,8503658,119
Smurfs: The Lost Village,Animation,2017,6,19000,60000000,197183546,90
Snatched,Action,2017,4.5,34000,42000000,60845711,90
"Roman J. Israel, Esq.",Crime,2017,6.5,35000,22000000,13025860,122
Victoria & Abdul,Biography,2017,6.8,33000,21000000,66558465,111
Fist Fight,Comedy,2017,5.6,41000,22000000,41087017,91
How to Be a Latin Lover,Comedy,2017,6,15000,10000000,62547032,115
Same Kind of Different as Me,Biography,2017,6.6,6900,15000000,6423605,119
My Little Pony: The Movie,Animation,2017,6.1,6200,6500000,60330833,99
Table 19,Comedy,2017,5.8,27000,5000000,5042014,87
Father Figures,Comedy,2017,5.5,19000,25000000,25601244,113
Kidnap,Action,2017,5.9,35000,21000000,34814102,95
Diary of a Wimpy Kid: The Long Haul,Animation,2017,4.3,7700,22000000,40140972,91
Churchill,Biography,2017,6.1,12000,6400000,6724365,105
The Bookshop,Drama,2017,6.5,14000,5400000,12062146,113
A Bad Moms Christmas,Comedy,2017,5.6,46000,28000000,130560428,104
Captain Underpants: The First Epic Movie,Animation,2017,6.2,26000,38000000,125427681,89
Wish Upon,Drama,2017,5,19000,12000000,23468586,90
Marshall,Biography,2017,7.3,22000,12000000,10116816,118
The Resurrection of Gavin Stone,Comedy,2017,6.3,2000,2000000,2308355,91
The Bye Bye Man,Drama,2017,4.2,23000,7400000,29874280,96
A Quiet Place,Drama,2018,7.5,456000,17000000,350320413,90
Avengers: Infinity War,Action,2018,8.4,897000,321000000,2048359754,149
Deadpool 2,Action,2018,7.7,505000,110000000,786470484,119
Bohemian Rhapsody,Biography,2018,7.9,476000,52000000,911902649,134
Black Panther,Action,2018,7.3,661000,200000000,1347597973,134
Hereditary,Drama,2018,7.3,259000,10000000,80239658,127
A Simple Favor,Comedy,2018,6.8,136000,20000000,97644617,117
Aquaman,Action,2018,6.9,404000,160000000,1148485886,143
Ready Player One,Action,2018,7.4,388000,175000000,582893671,140
Spider-Man: Into the Spider-Verse,Animation,2018,8.4,411000,90000000,375540831,117
Mission: Impossible - Fallout,Action,2018,7.7,303000,178000000,791657398,147
Venom,Action,2018,6.7,387000,100000000,856085151,112
Green Book,Biography,2018,8.2,414000,23000000,321752656,130
Crazy Rich Asians,Comedy,2018,6.9,152000,30000000,238539198,120
Ant-Man and the Wasp,Action,2018,7,333000,162000000,622674139,118
BlacKkKlansman,Biography,2018,7.5,236000,15000000,93413709,135
The Predator,Action,2018,5.3,120000,88000000,160542134,107
White Boy Rick,Crime,2018,6.5,33000,29000000,25957482,111
Solo: A Star Wars Story,Action,2018,6.9,306000,275000000,392924807,135
Midnight Sun,Drama,2018,6.6,26000,2800000,27365467,91
Under the Silver Lake,Crime,2018,6.5,36000,8500000,2053469,139
Den of Thieves,Action,2018,7,99000,30000000,80509622,140
Annihilation,Adventure,2018,6.8,292000,40000000,43070915,115
Red Sparrow,Action,2018,6.6,173000,69000000,151572634,140
A Star Is Born,Drama,2018,7.6,350000,36000000,436188866,136
Mamma Mia! Here We Go Again,Comedy,2018,6.6,85000,75000000,395618157,114
Death Wish,Action,2018,6.3,67000,30000000,49562710,107
Instant Family,Comedy,2018,7.3,97000,48000000,120556201,118
Jurassic World: Fallen Kingdom,Action,2018,6.2,277000,170000000,1310466296,128
Eighth Grade,Comedy,2018,7.4,68000,2000000,14347433,93
Ocean's Eight,Action,2018,6.3,197000,70000000,297718711,110
Suspiria,Fantasy,2018,6.7,66000,20000000,7942093,152
The Favourite,Biography,2018,7.5,181000,15000000,95918706,119
The Meg,Action,2018,5.6,157000,130000000,530259473,113
Mandy,Horror,2018,6.5,68000,6000000,1555203,121
Sicario: Day of the Soldado,Action,2018,7.1,132000,35000000,75837743,122
Fifty Shades Freed,Drama,2018,4.5,59000,55000000,371987838,105
Halloween,Crime,2018,6.5,126000,10000000,255614941,106
Incredibles 2,Animation,2018,7.6,263000,200000000,1244639527,118
The First Purge,Action,2018,5.2,58000,13000000,137056262,97
Ophelia,Drama,2018,6.6,8500,12000000,242115,106
The Nun,Horror,2018,5.3,127000,22000000,365551694,96
The Equalizer 2,Action,2018,6.7,141000,62000000,190400157,121
The Commuter,Action,2018,6.3,107000,30000000,119942387,104
Game Night,Action,2018,6.9,215000,37000000,117679066,100
Tag,Action,2018,6.5,121000,28000000,78130625,100
The Hate U Give,Crime,2018,7.5,33000,23000000,34934009,133
Bad Times at the El Royale,Crime,2018,7.1,135000,32000000,31882724,141
Fantastic Beasts: The Crimes of Grindelwald,Adventure,2018,6.5,234000,200000000,654855901,134
Hunter Killer,Action,2018,6.6,58000,40000000,31676128,121
The Mule,Crime,2018,7,121000,50000000,174804407,116
Robin Hood,Action,2018,5.3,68000,100000000,86493046,116
Beautiful Boy,Biography,2018,7.3,59000,25000000,16636604,120
Capharna√ºm,Drama,2018,8.4,71000,4000000,64417003,126
Adrift,Action,2018,6.6,50000,35000000,59945012,96
"Love, Simon",Comedy,2018,7.6,104000,17000000,66316289,110
Mary Poppins Returns,Comedy,2018,6.7,80000,130000000,349546142,130
Bumblebee,Action,2018,6.7,147000,135000000,467989645,114
Vice,Biography,2018,7.2,130000,60000000,76073488,132
Hotel Transylvania 3: Summer Vacation,Animation,2018,6.3,62000,80000000,528583774,97
Mile 22,Action,2018,6.1,72000,50000000,66308758,94
Peter Rabbit,Animation,2018,6.6,38000,50000000,351496066,95
12 Strong,Action,2018,6.6,72000,35000000,67450815,130
The Spy Who Dumped Me,Action,2018,6.1,72000,40000000,75339459,117
Upgrade,Action,2018,7.5,168000,5000000,16706680,100
Mary Queen of Scots,Biography,2018,6.3,45000,25000000,46712809,124
Ralph Breaks the Internet,Animation,2018,7,140000,175000000,529323962,112
Overlord,Action,2018,6.6,91000,38000000,41657844,110
Tomb Raider,Action,2018,6.3,197000,94000000,274650803,119
The Girl in the Spider's Web,Action,2018,6.1,44000,43000000,35164920,115
Mortal Engines,Action,2018,6.1,115000,100000000,83869818,128
Maze Runner: The Death Cure,Action,2018,6.3,121000,62000000,288175335,143
First Man,Biography,2018,7.3,176000,59000000,105713218,141
Creed II,Drama,2018,7.1,111000,50000000,214215889,130
Rampage,Action,2018,6.1,151000,120000000,428028233,107
Mid90s,Comedy,2018,7.4,54000,10000000,9303022,85
Replicas,Drama,2018,5.5,34000,30000000,9330075,107
Widows,Crime,2018,6.9,91000,42000000,75984700,129
Searching,Drama,2018,7.6,148000,880000,75462037,102
Life Itself,Drama,2018,6.9,19000,10000000,7997774,117
Blockers,Comedy,2018,6.2,74000,21000000,94019120,102
The Strangers: Prey at Night,Horror,2018,5.2,28000,5000000,31039126,85
Peppermint,Action,2018,6.5,60000,25000000,53918723,101
Every Day,Drama,2018,6.5,20000,4900000,10421847,97
Operation Finale,Biography,2018,6.6,36000,24000000,17612099,122
The Sisters Brothers,Crime,2018,7,58000,38000000,13143056,122
I Feel Pretty,Comedy,2018,5.5,51000,32000000,94539426,110
Hotel Artemis,Action,2018,6.1,49000,15000000,13313581,94
Slender Man,Horror,2018,3.2,30000,10000000,51738549,93
Book Club,Comedy,2018,6.1,26000,10000000,104438188,104
Sorry to Bother You,Comedy,2018,6.9,69000,3200000,18170707,112
Pacific Rim: Uprising,Action,2018,5.6,110000,150000000,290930148,111
Holmes & Watson,Comedy,2018,3.8,33000,42000000,40466970,90
The Darkest Minds,Action,2018,5.7,30000,34000000,41142379,104
Truth or Dare,Horror,2018,5.2,50000,3500000,95330710,100
Alpha,Action,2018,6.7,58000,51000000,98203196,96
Overboard,Comedy,2018,6,36000,12000000,91244913,112
Arctic,Adventure,2018,6.8,46000,2000000,4165776,98
A Wrinkle in Time,Adventure,2018,4.2,42000,100000000,132675864,109
London Fields,Crime,2018,4,7800,8000000,487420,118
Andhadhun,Crime,2018,8.2,79000,4500000,62475342,139
Life of the Party,Comedy,2018,5.6,35000,30000000,65859911,105
The House with a Clock in Its Walls,Comedy,2018,6.1,48000,42000000,131523093,105
Brian Banks,Biography,2018,7.2,5400,10000000,4376819,99
Gotti,Biography,2018,4.7,14000,10000000,6412349,112
Christopher Robin,Adventure,2018,7.3,72000,75000000,197744377,104
Destroyer,Action,2018,6.2,27000,9000000,5580940,121
Insidious: The Last Key,Horror,2018,5.7,55000,10000000,167885588,103
Can You Ever Forgive Me?,Biography,2018,7.1,49000,10000000,12442161,106
Unsane,Drama,2018,6.4,42000,1500000,14293601,98
Boy Erased,Biography,2018,6.9,35000,11000000,11853081,115
Johnny English Strikes Again,Action,2018,6.2,67000,25000000,158972499,89
Skyscraper,Action,2018,5.8,111000,125000000,304868961,102
Forever My Girl,Comedy,2018,6.7,16000,3500000,16376066,108
On the Basis of Sex,Biography,2018,7.1,31000,20000000,38755900,120
The Catcher Was a Spy,Biography,2018,6.2,8500,14000000,953953,94
Welcome to Marwen,Biography,2018,6.2,21000,39000000,13061491,116
Assassination Nation,Action,2018,6,17000,7000000,2584988,108
Unfriended: Dark Web,Horror,2018,6,29000,1000000,16024987,92
The Nutcracker and the Four Realms,Adventure,2018,5.6,30000,120000000,173961069,99
The Happytime Murders,Action,2018,5.4,26000,40000000,27506452,91
Tully,Comedy,2018,7,55000,13000000,15636462,95
Night School,Comedy,2018,5.6,38000,29000000,103105878,111
Smallfoot,Animation,2018,6.6,36000,80000000,214040103,96
Hell Fest,Horror,2018,5.5,15000,5500000,18160930,89
Second Act,Comedy,2018,5.8,24000,16000000,72294066,103
Uncle Drew,Comedy,2018,5.8,13000,19000000,46664414,103
The Possession of Hannah Grace,Horror,2018,5.2,20000,7700000,43016528,86
If Beale Street Could Talk,Drama,2018,7.1,45000,12000000,20596567,119
The Grinch,Animation,2018,6.3,58000,75000000,512492755,85
Winchester,Biography,2018,5.5,32000,3500000,44019588,99
The 15:17 to Paris,Biography,2018,5.3,30000,30000000,57076286,94
Action Point,Comedy,2018,5.1,11000,19000000,5103663,85
Super Troopers 2,Comedy,2018,6.1,25000,13500000,31626386,99
The Death & Life of John F. Donovan,Drama,2018,6.2,5900,35000000,3326364,123
Stan & Ollie,Biography,2018,7.2,34000,10000000,24420923,98
SuperFly,Action,2018,5.2,6500,16000000,20780685,116
Early Man,Animation,2018,6.1,21000,50000000,54622814,89
I Can Only Imagine,Biography,2018,7.3,15000,7000000,86086881,110
Dragon Ball Super: Broly,Animation,2018,7.8,24000,8500000,115757940,100
Kin,Action,2018,5.8,16000,30000000,10313019,102
Goosebumps 2: Haunted Halloween,Animation,2018,5.6,19000,35000000,93320380,90
Nobody's Fool,Comedy,2018,4.9,7000,19000000,33705333,110
Midsommar,Drama,2019,7.1,232000,9000000,47967636,148
Once Upon a Time... In Hollywood,Comedy,2019,7.6,603000,90000000,374565754,161
Avengers: Endgame,Action,2019,8.4,903000,356000000,2797501328,181
Fighting with My Family,Biography,2019,7.1,71000,11000000,40811919,108
Little Women,Drama,2019,7.8,159000,40000000,216601214,135
Escape Room,Action,2019,6.4,97000,9000000,155712077,99
Joker,Crime,2019,8.4,1000000,55000000,1074427370,122
Yesterday,Comedy,2019,6.8,131000,26000000,153193369,116
Parasite,Comedy,2019,8.6,631000,11400000,258908054,132
John Wick: Chapter 3 - Parabellum,Action,2019,7.4,296000,75000000,327281779,130
Knives Out,Comedy,2019,7.9,505000,40000000,311539397,130
Fast & Furious Presents: Hobbs & Shaw,Action,2019,6.4,184000,200000000,759056935,137
Captain Marvel,Action,2019,6.8,478000,160000000,1128462972,123
After,Drama,2019,5.3,44000,14000000,69756455,105
Spider-Man: Far from Home,Action,2019,7.5,359000,160000000,1131927996,129
Jojo Rabbit,Comedy,2019,7.9,328000,14000000,90335025,108
Shazam!,Action,2019,7,284000,100000000,365971656,132
It Chapter Two,Drama,2019,6.5,222000,79000000,473093228,169
1917,Drama,2019,8.3,473000,95000000,384623579,119
Star Wars: Episode IX - The Rise of Skywalker,Action,2019,6.5,394000,275000000,1078232589,141
Ford v Ferrari,Action,2019,8.1,323000,97600000,225508210,152
The Irishman,Biography,2019,7.8,344000,159000000,968853,209
Jumanji: The Next Level,Action,2019,6.6,204000,125000000,800059707,123
Alita: Battle Angel,Action,2019,7.3,240000,170000000,404980543,122
Us,Horror,2019,6.8,247000,20000000,255184580,116
Ready or Not,Action,2019,6.9,121000,6000000,57615777,95
Hellboy,Action,2019,5.2,82000,50000000,55065289,120
Terminator: Dark Fate,Action,2019,6.2,159000,185000000,261119292,128
Downton Abbey,Drama,2019,7.4,43000,13000000,237860050,122
Gemini Man,Action,2019,5.7,98000,138000000,173469516,117
Booksmart,Comedy,2019,7.2,102000,6000000,24959607,102
Dora and the Lost City of Gold,Adventure,2019,6.1,27000,49000000,119682635,102
Glass,Drama,2019,6.6,219000,20000000,246999039,129
The Best of Enemies,Biography,2019,7.2,13000,10000000,10209813,133
The Lion King,Animation,2019,6.9,222000,260000000,1670727580,118
Aladdin,Adventure,2019,6.9,239000,183000000,1050693953,128
Marriage Story,Comedy,2019,7.9,265000,18600000,333686,137
Godzilla: King of the Monsters,Action,2019,6,162000,170000000,386600138,132
Rocketman,Biography,2019,7.3,153000,40000000,195179299,121
Hustlers,Comedy,2019,6.3,89000,20000000,157563598,110
Toy Story 4,Animation,2019,7.7,217000,200000000,1073394593,100
Zombieland: Double Tap,Action,2019,6.7,151000,42000000,122810399,99
Long Shot,Comedy,2019,6.8,101000,40000000,53873809,125
Angel Has Fallen,Action,2019,6.4,86000,40000000,146661977,121
Men in Black: International,Action,2019,5.6,119000,110000000,253890701,114
X-Men: Dark Phoenix,Action,2019,5.7,166000,200000000,252442974,113
Frozen II,Animation,2019,6.8,148000,150000000,1450026933,103
Brightburn,Drama,2019,6.1,87000,6000000,32893421,90
Ad Astra,Adventure,2019,6.5,208000,90000000,127461872,123
The Peanut Butter Falcon,Adventure,2019,7.6,73000,6200000,133031473,97
Good Boys,Adventure,2019,6.7,66000,20000000,111037232,90
Ma,Horror,2019,5.6,46000,5000000,61105744,99
Five Feet Apart,Drama,2019,7.2,51000,7000000,91527795,116
Cold Pursuit,Action,2019,6.2,61000,60000000,76419755,119
Crawl,Action,2019,6.1,74000,13500000,91542097,87
Annabelle Comes Home,Horror,2019,5.9,65000,30000000,231252591,106
Rambo: Last Blood,Action,2019,6.1,87000,50000000,91490353,89
Late Night,Comedy,2019,6.5,33000,4000000,22386555,102
The Addams Family,Animation,2019,5.8,31000,24000000,203783566,86
The Goldfinch,Drama,2019,6.3,19000,45000000,9932621,149
A Beautiful Day in the Neighborhood,Biography,2019,7.3,67000,25000000,67760877,109
How to Train Your Dragon: The Hidden World,Animation,2019,7.5,112000,129000000,525683457,104
Pok√©mon Detective Pikachu,Action,2019,6.6,146000,150000000,433921300,104
Serenity,Drama,2019,5.4,38000,25000000,14454622,106
Maleficent: Mistress of Evil,Adventure,2019,6.6,91000,185000000,491730089,119
The Secret Life of Pets 2,Animation,2019,6.5,55000,80000000,430051293,86
The Curse of la Llorona,Horror,2019,5.3,43000,9000000,123133739,93
Captive State,Action,2019,6,51000,25000000,8808611,109
Scary Stories to Tell in the Dark,Adventure,2019,6.2,66000,25000000,104545505,108
The Intruder,Thriller,2019,5.6,15000,8000000,36599361,102
The Angry Birds Movie 2,Animation,2019,6.4,24000,65000000,147792047,97
What Men Want,Comedy,2019,5.3,26000,20000000,72216294,117
Pet Sematary,Horror,2019,5.7,86000,21000000,113118226,101
47 Meters Down: Uncaged,Adventure,2019,5,23000,12000000,47582563,90
Happy Death Day 2U,Comedy,2019,6.2,64000,9000000,64600152,100
Weathering with You,Animation,2019,7.5,28000,11100000,193457467,112
The Kid,Biography,2019,5.9,7400,8000000,1561698,100
The Lego Movie 2: The Second Part,Animation,2019,6.6,58000,99000000,192306508,107
Child's Play,Drama,2019,5.8,47000,10000000,44907074,90
Dumbo,Adventure,2019,6.3,69000,170000000,353284621,112
The Hustle,Comedy,2019,5.4,51000,21000000,95017038,93
Shaft,Action,2019,6.4,48000,35000000,21360215,111
The Beach Bum,Comedy,2019,5.5,20000,5000000,4554416,95
The Kitchen,Action,2019,5.5,18000,38000000,15980032,102
Stuber,Action,2019,6.2,43000,16000000,32390945,93
The Art of Racing in the Rain,Comedy,2019,7.6,27000,18000000,33766787,109
Blinded by the Light,Comedy,2019,6.9,22000,15000000,18096691,118
"Where'd You Go, Bernadette",Comedy,2019,6.5,19000,20000000,11025353,109
Ip Man 4: The Finale,Action,2019,7,27000,52000000,176345966,107
Abominable,Animation,2019,7,32000,75000000,180314199,97
Isn't It Romantic,Comedy,2019,5.9,65000,31000000,48791187,89
A Dog's Journey,Adventure,2019,7.5,21000,16000000,75741734,109
Don't Let Go,Drama,2019,6.4,8000,5000000,5288011,103
UglyDolls,Animation,2019,5,6100,45000000,32450241,87
Tolkien,Biography,2019,6.8,36000,20000000,9090040,112
Miss Bala,Action,2019,5.8,9900,15000000,15383580,104
A Dog's Way Home,Adventure,2019,6.7,16000,18000000,80708134,96
Wonder Park,Animation,2019,5.9,11000,90000000,119559110,85
Triple Threat,Action,2019,5.6,10000,10000000,345900,96
The Wandering Earth,Action,2019,6,28000,48000000,699992512,125
The Kid Who Would Be King,Action,2019,6,15000,59000000,32140970,120
Missing Link,Animation,2019,6.7,23000,100000000,26565710,93
Breakthrough,Biography,2019,6.3,8800,14000000,50444358,116
Poms,Comedy,2019,6,4700,10000000,16418218,90
Little,Comedy,2019,5.5,12000,20000000,49000667,109
The Prodigy,Fantasy,2019,5.9,24000,6000000,21150265,92
Overcomer,Drama,2019,6.6,4100,5000000,38026103,119
A Madea Family Funeral,Comedy,2019,4.5,4000,20000000,74747725,109
The Sun Is also a Star,Drama,2019,5.9,6600,9000000,6750029,100
K-12,Fantasy,2019,6.5,2500,5000000,359377,96
Unplanned,Biography,2019,5.8,13000,6000000,21354152,109
Mine 9,Drama,2019,6.4,4400,350000,226421,83
Clinton Road,Horror,2019,5.9,1900,2500000,50400,77
High on the Hog,Action,2019,3.5,195,1200000,45696,85
Tenet,Action,2020,7.4,387000,205000000,363656624,150
Birds of Prey,Action,2020,6.1,190000,84500000,201858461,109
The Invisible Man,Drama,2020,7.1,186000,7000000,143151000,124
Bad Boys for Life,Action,2020,6.6,140000,90000000,426505244,124
Sonic the Hedgehog,Action,2020,6.5,102000,85000000,319715683,99
Dolittle,Adventure,2020,5.6,53000,175000000,245487753,101
The Call of the Wild,Adventure,2020,6.8,42000,135000000,111105497,100
The Eight Hundred,Action,2020,6.8,3700,80000000,461421559,149
